"ProteinID","Accession.New","SignalP","MouseGeneName","Description","Sample1","Sample2","Sample3","Sample4","Sample5","Accession.Number.ori","Accession.Number","go.ind","secreted"
"A0A087WR50","A0A087WR50_MOUSE","Y","Fn1","Fibronectin OS=Mus musculus OX=10090 GN=Fn1 PE=1 SV=1",83,67,67,81,78,"A0A087WR50_MOUSE","A0A087WR50_MOUSE","Y","Y"
"A0A0A6YXU9","A0A0A6YXU9_MOUSE","Y","Tgfb2","Transforming growth factor beta-2 OS=Mus musculus OX=10090 GN=Tgfb2 PE=1 SV=1",4,2,0,5,2,"A0A0A6YXU9_MOUSE (+1)","A0A0A6YXU9_MOUSE","Y","Y"
"A0A0R4J092","A0A0R4J092_MOUSE","Y","Manba","Beta-mannosidase OS=Mus musculus OX=10090 GN=Manba PE=1 SV=1",9,5,3,8,11,"A0A0R4J092_MOUSE","A0A0R4J092_MOUSE","N","Y"
"A0A0R4J0I9","A0A0R4J0I9_MOUSE","Y","Lrp1","Low density lipoprotein receptor-related protein 1 OS=Mus musculus OX=10090 GN=Lrp1 PE=1 SV=1",2,2,3,7,4,"A0A0R4J0I9_MOUSE (+1)","A0A0R4J0I9_MOUSE","N","Y"
"A0A0R4J0Z1","A0A0R4J0Z1_MOUSE","Y","Pdia4","Protein disulfide-isomerase A4 OS=Mus musculus OX=10090 GN=Pdia4 PE=1 SV=1",26,31,16,25,25,"A0A0R4J0Z1_MOUSE (+1)","A0A0R4J0Z1_MOUSE","Y","Y"
"A0A1B0GSG5","A0A1B0GSG5_MOUSE","N","Rnh1","Ribonuclease inhibitor OS=Mus musculus OX=10090 GN=Rnh1 PE=1 SV=1",13,13,9,15,10,"A0A1B0GSG5_MOUSE (+1)","A0A1B0GSG5_MOUSE","N","N"
"A0A1L1SSH9","A0A1L1SSH9_MOUSE","Y","Sparc","SPARC OS=Mus musculus OX=10090 GN=Sparc PE=1 SV=1",15,12,12,16,14,"A0A1L1SSH9_MOUSE (+2)","A0A1L1SSH9_MOUSE","Y","Y"
"A2ARA0","A2ARA0_MOUSE","Y","Tfpi","Tissue factor pathway inhibitor OS=Mus musculus OX=10090 GN=Tfpi PE=1 SV=1",3,2,2,5,6,"A2ARA0_MOUSE (+1)","A2ARA0_MOUSE","Y","Y"
"A8DUK4","A8DUK4_MOUSE","N","Hbb-bs","Beta-globin OS=Mus musculus OX=10090 GN=Hbb-bs PE=1 SV=1",17,19,16,20,18,"A8DUK4_MOUSE","A8DUK4_MOUSE","Y","Y"
"C0HKG6","RNT2B_MOUSE","Y","Rnaset2b","Ribonuclease T2-B OS=Mus musculus OX=10090 GN=Rnaset2b PE=1 SV=1",5,4,3,4,4,"RNT2B_MOUSE","RNT2B_MOUSE","Y","Y"
"E9PWQ3","E9PWQ3_MOUSE","Y","Col6a3","Collagen, type VI, alpha 3 OS=Mus musculus OX=10090 GN=Col6a3 PE=1 SV=2",49,39,29,66,53,"E9PWQ3_MOUSE","E9PWQ3_MOUSE","Y","Y"
"E9PZ00","E9PZ00_MOUSE","N","Psap","Prosaposin OS=Mus musculus OX=10090 GN=Psap PE=1 SV=1",24,23,21,23,23,"E9PZ00_MOUSE (+1)","E9PZ00_MOUSE","Y","Y"
"E9Q616","E9Q616_MOUSE","N","Ahnak","AHNAK nucleoprotein (desmoyokin) OS=Mus musculus OX=10090 GN=Ahnak PE=1 SV=1",7,7,7,8,10,"E9Q616_MOUSE","E9Q616_MOUSE","Y","Y"
"E9QN70","E9QN70_MOUSE","N","Lamb1","Laminin subunit beta-1 OS=Mus musculus OX=10090 GN=Lamb1 PE=1 SV=1",44,32,31,41,38,"E9QN70_MOUSE (+1)","E9QN70_MOUSE","Y","Y"
"F6RPJ9","F6RPJ9_MOUSE","N","Ide","Insulin-degrading enzyme (Fragment) OS=Mus musculus OX=10090 GN=Ide PE=1 SV=1",4,2,0,10,4,"F6RPJ9_MOUSE","F6RPJ9_MOUSE","Y","Y"
"F8VQJ3","F8VQJ3_MOUSE","Y","Lamc1","Laminin subunit gamma-1 OS=Mus musculus OX=10090 GN=Lamc1 PE=1 SV=1",48,34,38,41,43,"F8VQJ3_MOUSE","F8VQJ3_MOUSE","Y","Y"
"F8WH23","F8WH23_MOUSE","Y","Igfbp7","Insulin-like growth factor-binding protein 7 OS=Mus musculus OX=10090 GN=Igfbp7 PE=1 SV=1",15,15,15,13,16,"F8WH23_MOUSE (+1)","F8WH23_MOUSE","Y","Y"
"F8WIV2","F8WIV2_MOUSE","N","Serpinb6a","Serine (or cysteine) peptidase inhibitor, clade B, member 6a OS=Mus musculus OX=10090 GN=Serpinb6a PE=1 SV=1",17,13,12,18,17,"F8WIV2_MOUSE","F8WIV2_MOUSE","Y","Y"
"G3X8T3","G3X8T3_MOUSE","Y","Ctsa","Carboxypeptidase OS=Mus musculus OX=10090 GN=Ctsa PE=1 SV=1",13,10,9,12,13,"G3X8T3_MOUSE (+1)","G3X8T3_MOUSE","N","Y"
"G5E899","G5E899_MOUSE","Y","Serpine1","Plasminogen activator inhibitor 1 OS=Mus musculus OX=10090 GN=Serpine1 PE=1 SV=1",23,23,23,23,23,"G5E899_MOUSE","G5E899_MOUSE","Y","Y"
"H7BWY6","H7BWY6_MOUSE","N","Rbp4","Retinol-binding protein 4 OS=Mus musculus OX=10090 GN=Rbp4 PE=1 SV=1",3,3,4,6,5,"H7BWY6_MOUSE (+1)","H7BWY6_MOUSE","Y","Y"
"O08712","TR11B_MOUSE","Y","Tnfrsf11b","Tumor necrosis factor receptor superfamily member 11B OS=Mus musculus OX=10090 GN=Tnfrsf11b PE=1 SV=1",5,2,0,3,3,"TR11B_MOUSE","TR11B_MOUSE","Y","Y"
"O08795","GLU2B_MOUSE","Y","Prkcsh","Isoform 2 of Glucosidase 2 subunit beta OS=Mus musculus OX=10090 GN=Prkcsh",9,9,10,9,10,"sp|O08795-2|GLU2B_MOUSE (+1)","GLU2B_MOUSE","N","Y"
"O08797","O08797_MOUSE","N","Serpinb9","SPI6 OS=Mus musculus OX=10090 GN=Serpinb9 PE=1 SV=1",8,3,2,5,7,"O08797_MOUSE","O08797_MOUSE","Y","Y"
"O08804","O08804_MOUSE","N","Serpinb6b","NK13 OS=Mus musculus OX=10090 GN=Serpinb6b PE=1 SV=2",11,10,7,12,12,"O08804_MOUSE","O08804_MOUSE","Y","Y"
"O08806","O08806_MOUSE","N","Serpinb9e","MCG118183 OS=Mus musculus OX=10090 GN=Serpinb9e PE=1 SV=2",8,9,8,7,8,"O08806_MOUSE","O08806_MOUSE","Y","Y"
"O08807","PRDX4_MOUSE","Y","Prdx4","Peroxiredoxin-4 OS=Mus musculus OX=10090 GN=Prdx4 PE=1 SV=1",6,7,5,7,8,"PRDX4_MOUSE","PRDX4_MOUSE","Y","Y"
"O09131","GSTO1_MOUSE","N","Gsto1","Glutathione S-transferase omega-1 OS=Mus musculus OX=10090 GN=Gsto1 PE=1 SV=2",7,4,4,7,7,"GSTO1_MOUSE","GSTO1_MOUSE","N","N"
"O09159","MA2B1_MOUSE","Y","Man2b1","Lysosomal alpha-mannosidase OS=Mus musculus OX=10090 GN=Man2b1 PE=1 SV=4",7,3,3,7,5,"MA2B1_MOUSE","MA2B1_MOUSE","Y","Y"
"O35215","DOPD_MOUSE","N","Ddt","D-dopachrome decarboxylase OS=Mus musculus OX=10090 GN=Ddt PE=1 SV=3",4,3,3,5,5,"DOPD_MOUSE","DOPD_MOUSE","Y","Y"
"O35536","TFPI2_MOUSE","Y","Tfpi2","Tissue factor pathway inhibitor 2 OS=Mus musculus OX=10090 GN=Tfpi2 PE=2 SV=1",2,5,0,5,3,"TFPI2_MOUSE","TFPI2_MOUSE","Y","Y"
"O35608","ANGP2_MOUSE","Y","Angpt2","Angiopoietin-2 OS=Mus musculus OX=10090 GN=Angpt2 PE=2 SV=2",3,3,0,4,6,"ANGP2_MOUSE","ANGP2_MOUSE","Y","Y"
"O35664","INAR2_MOUSE","Y","Ifnar2","Isoform 2 of Interferon alpha/beta receptor 2 OS=Mus musculus OX=10090 GN=Ifnar2",2,0,2,2,2,"sp|O35664-2|INAR2_MOUSE (+2)","INAR2_MOUSE","Y","Y"
"O35744","CHIL3_MOUSE","Y","Chil3","Chitinase-like protein 3 OS=Mus musculus OX=10090 GN=Chil3 PE=1 SV=2",8,2,7,7,4,"CHIL3_MOUSE","CHIL3_MOUSE","Y","Y"
"O35887","CALU_MOUSE","Y","Calu","Calumenin OS=Mus musculus OX=10090 GN=Calu PE=1 SV=1",13,9,5,8,11,"CALU_MOUSE","CALU_MOUSE","Y","Y"
"O55070","DNSL3_MOUSE","Y","Dnase1l3","Deoxyribonuclease gamma OS=Mus musculus OX=10090 GN=Dnase1l3 PE=1 SV=1",12,10,4,17,13,"DNSL3_MOUSE","DNSL3_MOUSE","Y","Y"
"O70370","CATS_MOUSE","Y","Ctss","Cathepsin S OS=Mus musculus OX=10090 GN=Ctss PE=1 SV=2",10,7,9,10,8,"CATS_MOUSE (+1)","CATS_MOUSE","Y","Y"
"O70456","1433S_MOUSE","N","Sfn","14-3-3 protein sigma OS=Mus musculus OX=10090 GN=Sfn PE=1 SV=2",5,8,4,8,8,"1433S_MOUSE","1433S_MOUSE","Y","Y"
"O88207","CO5A1_MOUSE","Y","Col5a1","Collagen alpha-1(V) chain OS=Mus musculus OX=10090 GN=Col5a1 PE=1 SV=2",10,5,5,9,9,"CO5A1_MOUSE","CO5A1_MOUSE","Y","Y"
"O88322","NID2_MOUSE","Y","Nid2","Nidogen-2 OS=Mus musculus OX=10090 GN=Nid2 PE=1 SV=2",13,3,9,9,10,"NID2_MOUSE","NID2_MOUSE","Y","Y"
"O88325","O88325_MOUSE","Y","Naglu","Alpha-N-acetylglucosaminidase OS=Mus musculus OX=10090 GN=Naglu PE=1 SV=1",10,6,3,10,10,"O88325_MOUSE","O88325_MOUSE","Y","Y"
"O88531","PPT1_MOUSE","Y","Ppt1","Palmitoyl-protein thioesterase 1 OS=Mus musculus OX=10090 GN=Ppt1 PE=1 SV=2",4,2,2,2,3,"PPT1_MOUSE","PPT1_MOUSE","Y","Y"
"O88569","ROA2_MOUSE","N","Hnrnpa2b1","Isoform 2 of Heterogeneous nuclear ribonucleoproteins A2/B1 OS=Mus musculus OX=10090 GN=Hnrnpa2b1",17,16,19,17,19,"sp|O88569-2|ROA2_MOUSE (+2)","ROA2_MOUSE","Y","Y"
"O88632","SEM3F_MOUSE","Y","Sema3f","Isoform A of Semaphorin-3F OS=Mus musculus OX=10090 GN=Sema3f",5,2,3,2,4,"sp|O88632-2|SEM3F_MOUSE (+1)","SEM3F_MOUSE","Y","Y"
"O88668","CREG1_MOUSE","Y","Creg1","Protein CREG1 OS=Mus musculus OX=10090 GN=Creg1 PE=1 SV=1",6,6,3,7,5,"CREG1_MOUSE","CREG1_MOUSE","Y","Y"
"O88968","TCO2_MOUSE","Y","Tcn2","Transcobalamin-2 OS=Mus musculus OX=10090 GN=Tcn2 PE=1 SV=1",11,6,8,14,9,"TCO2_MOUSE","TCO2_MOUSE","Y","Y"
"O89017","LGMN_MOUSE","Y","Lgmn","Legumain OS=Mus musculus OX=10090 GN=Lgmn PE=1 SV=1",10,8,10,10,11,"LGMN_MOUSE","LGMN_MOUSE","Y","Y"
"O89023","TPP1_MOUSE","Y","Tpp1","Tripeptidyl-peptidase 1 OS=Mus musculus OX=10090 GN=Tpp1 PE=1 SV=2",6,4,3,4,5,"TPP1_MOUSE","TPP1_MOUSE","N","Y"
"O89051","ITM2B_MOUSE","N","Itm2b","Integral membrane protein 2B OS=Mus musculus OX=10090 GN=Itm2b PE=1 SV=1",5,3,3,4,5,"ITM2B_MOUSE","ITM2B_MOUSE","Y","Y"
"P01027","CO3_MOUSE","Y","C3","Complement C3 OS=Mus musculus OX=10090 GN=C3 PE=1 SV=3",10,8,8,11,9,"sp|P01027|CO3_MOUSE","CO3_MOUSE","Y","Y"
"P01029","CO4B_MOUSE","Y","C4b","Complement C4-B OS=Mus musculus OX=10090 GN=C4b PE=1 SV=3",2,2,4,2,2,"CO4B_MOUSE","CO4B_MOUSE","Y","Y"
"P01887","B2MG_MOUSE","Y","B2m","Beta-2-microglobulin OS=Mus musculus OX=10090 GN=B2m PE=1 SV=2",5,5,6,6,6,"B2MG_MOUSE","B2MG_MOUSE","Y","Y"
"P01899","HA11_MOUSE","Y","H2-D1","H-2 class I histocompatibility antigen, D-B alpha chain OS=Mus musculus OX=10090 GN=H2-D1 PE=1 SV=2",11,9,11,10,10,"HA11_MOUSE","HA11_MOUSE","Y","Y"
"P01901","HA1B_MOUSE","Y","H2-K1","H-2 class I histocompatibility antigen, K-B alpha chain OS=Mus musculus OX=10090 GN=H2-K1 PE=1 SV=1",7,7,4,8,8,"HA1B_MOUSE (+1)","HA1B_MOUSE","Y","Y"
"P02463","CO4A1_MOUSE","Y","Col4a1","Collagen alpha-1(IV) chain OS=Mus musculus OX=10090 GN=Col4a1 PE=1 SV=4",6,5,6,5,6,"CO4A1_MOUSE","CO4A1_MOUSE","Y","Y"
"P02772","FETA_MOUSE","Y","Afp","Alpha-fetoprotein OS=Mus musculus OX=10090 GN=Afp PE=2 SV=1",35,19,30,34,35,"FETA_MOUSE","FETA_MOUSE","Y","Y"
"P03958","ADA_MOUSE","N","Ada","Adenosine deaminase OS=Mus musculus OX=10090 GN=Ada PE=1 SV=3",19,19,17,18,19,"ADA_MOUSE","ADA_MOUSE","Y","Y"
"P05064","ALDOA_MOUSE","N","Aldoa","Fructose-bisphosphate aldolase A OS=Mus musculus OX=10090 GN=Aldoa PE=1 SV=2",23,19,17,18,19,"ALDOA_MOUSE","ALDOA_MOUSE","Y","Y"
"P05132","KAPCA_MOUSE","N","Prkaca","Isoform 2 of cAMP-dependent protein kinase catalytic subunit alpha OS=Mus musculus OX=10090 GN=Prkaca",3,2,0,4,4,"sp|P05132-2|KAPCA_MOUSE (+1)","KAPCA_MOUSE","N","N"
"P06797","CATL1_MOUSE","Y","Ctsl","Cathepsin L1 OS=Mus musculus OX=10090 GN=Ctsl PE=1 SV=2",12,11,11,13,12,"CATL1_MOUSE","CATL1_MOUSE","Y","Y"
"P06869","UROK_MOUSE","Y","Plau","Urokinase-type plasminogen activator OS=Mus musculus OX=10090 GN=Plau PE=1 SV=1",5,8,2,6,4,"UROK_MOUSE","UROK_MOUSE","Y","Y"
"P07141","CSF1_MOUSE","Y","Csf1","Macrophage colony-stimulating factor 1 OS=Mus musculus OX=10090 GN=Csf1 PE=1 SV=2",3,2,4,4,4,"sp|P07141|CSF1_MOUSE","CSF1_MOUSE","Y","Y"
"P07309","TTHY_MOUSE","Y","Ttr","Transthyretin OS=Mus musculus OX=10090 GN=Ttr PE=1 SV=1",5,2,3,5,6,"TTHY_MOUSE","TTHY_MOUSE","Y","Y"
"P07356","ANXA2_MOUSE","N","Anxa2","Annexin A2 OS=Mus musculus OX=10090 GN=Anxa2 PE=1 SV=2",12,9,9,12,12,"ANXA2_MOUSE","ANXA2_MOUSE","Y","Y"
"P07724","ALBU_MOUSE","Y","Alb","Serum albumin OS=Mus musculus OX=10090 GN=Alb PE=1 SV=3",21,16,20,25,20,"ALBU_MOUSE","ALBU_MOUSE","Y","Y"
"P07901","HS90A_MOUSE","N","Hsp90aa1","Heat shock protein HSP 90-alpha OS=Mus musculus OX=10090 GN=Hsp90aa1 PE=1 SV=4",17,17,14,13,18,"HS90A_MOUSE","HS90A_MOUSE","Y","Y"
"P08071","TRFL_MOUSE","Y","Ltf","Lactotransferrin OS=Mus musculus OX=10090 GN=Ltf PE=1 SV=4",6,2,3,9,4,"TRFL_MOUSE","TRFL_MOUSE","Y","Y"
"P08113","ENPL_MOUSE","Y","Hsp90b1","Endoplasmin OS=Mus musculus OX=10090 GN=Hsp90b1 PE=1 SV=2",32,37,23,30,30,"ENPL_MOUSE","ENPL_MOUSE","Y","Y"
"P08121","CO3A1_MOUSE","Y","Col3a1","Collagen alpha-1(III) chain OS=Mus musculus OX=10090 GN=Col3a1 PE=1 SV=4",11,8,6,10,6,"CO3A1_MOUSE","CO3A1_MOUSE","Y","Y"
"P08122","CO4A2_MOUSE","Y","Col4a2","Collagen alpha-2(IV) chain OS=Mus musculus OX=10090 GN=Col4a2 PE=1 SV=4",9,9,8,9,13,"CO4A2_MOUSE","CO4A2_MOUSE","Y","Y"
"P08207","S10AA_MOUSE","N","S100a10","Protein S100-A10 OS=Mus musculus OX=10090 GN=S100a10 PE=1 SV=2",2,2,0,2,2,"S10AA_MOUSE","S10AA_MOUSE","Y","Y"
"P08226","APOE_MOUSE","Y","Apoe","Apolipoprotein E OS=Mus musculus OX=10090 GN=Apoe PE=1 SV=2",8,10,10,11,8,"APOE_MOUSE","APOE_MOUSE","Y","Y"
"P08228","SODC_MOUSE","N","Sod1","Superoxide dismutase [Cu-Zn] OS=Mus musculus OX=10090 GN=Sod1 PE=1 SV=2",7,6,7,7,6,"SODC_MOUSE","SODC_MOUSE","Y","Y"
"P08905","LYZ2_MOUSE","Y","Lyz2","Lysozyme C-2 OS=Mus musculus OX=10090 GN=Lyz2 PE=1 SV=2",2,3,4,3,3,"LYZ2_MOUSE","LYZ2_MOUSE","Y","Y"
"P09055","ITB1_MOUSE","Y","Itgb1","Isoform 2 of Integrin beta-1 OS=Mus musculus OX=10090 GN=Itgb1",2,2,2,0,3,"sp|P09055-2|ITB1_MOUSE","ITB1_MOUSE","N","Y"
"P09411","PGK1_MOUSE","N","Pgk1","Phosphoglycerate kinase 1 OS=Mus musculus OX=10090 GN=Pgk1 PE=1 SV=4",19,18,20,20,21,"PGK1_MOUSE","PGK1_MOUSE","Y","Y"
"P09528","FRIH_MOUSE","N","Fth1","Ferritin heavy chain OS=Mus musculus OX=10090 GN=Fth1 PE=1 SV=2",11,7,9,8,10,"FRIH_MOUSE","FRIH_MOUSE","Y","Y"
"P09535","IGF2_MOUSE","Y","Igf2","Isoform 2 of Insulin-like growth factor II OS=Mus musculus OX=10090 GN=Igf2",2,3,2,3,3,"sp|P09535-2|IGF2_MOUSE (+1)","IGF2_MOUSE","Y","Y"
"P10107","ANXA1_MOUSE","N","Anxa1","Annexin A1 OS=Mus musculus OX=10090 GN=Anxa1 PE=1 SV=2",8,5,5,7,10,"ANXA1_MOUSE","ANXA1_MOUSE","Y","Y"
"P10148","CCL2_MOUSE","Y","Ccl2","C-C motif chemokine 2 OS=Mus musculus OX=10090 GN=Ccl2 PE=1 SV=1",2,3,0,2,4,"CCL2_MOUSE","CCL2_MOUSE","Y","Y"
"P10493","NID1_MOUSE","Y","Nid1","Nidogen-1 OS=Mus musculus OX=10090 GN=Nid1 PE=1 SV=2",34,33,28,36,35,"NID1_MOUSE","NID1_MOUSE","Y","Y"
"P10518","HEM2_MOUSE","N","Alad","Delta-aminolevulinic acid dehydratase OS=Mus musculus OX=10090 GN=Alad PE=1 SV=1",12,10,7,10,12,"HEM2_MOUSE","HEM2_MOUSE","Y","Y"
"P10605","CATB_MOUSE","Y","Ctsb","Cathepsin B OS=Mus musculus OX=10090 GN=Ctsb PE=1 SV=2",15,14,15,16,15,"CATB_MOUSE","CATB_MOUSE","Y","Y"
"P10649","GSTM1_MOUSE","N","Gstm1","Glutathione S-transferase Mu 1 OS=Mus musculus OX=10090 GN=Gstm1 PE=1 SV=2",9,6,7,7,8,"GSTM1_MOUSE","GSTM1_MOUSE","Y","Y"
"P11087","CO1A1_MOUSE","Y","Col1a1","Isoform 2 of Collagen alpha-1(I) chain OS=Mus musculus OX=10090 GN=Col1a1",14,13,13,14,13,"sp|P11087-2|CO1A1_MOUSE (+1)","CO1A1_MOUSE","Y","Y"
"P11152","LIPL_MOUSE","Y","Lpl","Lipoprotein lipase OS=Mus musculus OX=10090 GN=Lpl PE=1 SV=3",7,7,8,6,7,"LIPL_MOUSE","LIPL_MOUSE","Y","Y"
"P11404","FABPH_MOUSE","N","Fabp3","Fatty acid-binding protein, heart OS=Mus musculus OX=10090 GN=Fabp3 PE=1 SV=5",4,5,5,5,5,"FABPH_MOUSE","FABPH_MOUSE","Y","Y"
"P11438","LAMP1_MOUSE","Y","Lamp1","Lysosome-associated membrane glycoprotein 1 OS=Mus musculus OX=10090 GN=Lamp1 PE=1 SV=2",2,2,2,2,2,"LAMP1_MOUSE","LAMP1_MOUSE","N","Y"
"P11499","HS90B_MOUSE","N","Hsp90ab1","Heat shock protein HSP 90-beta OS=Mus musculus OX=10090 GN=Hsp90ab1 PE=1 SV=3",34,36,24,36,38,"HS90B_MOUSE","HS90B_MOUSE","Y","Y"
"P12032","TIMP1_MOUSE","Y","Timp1","Metalloproteinase inhibitor 1 OS=Mus musculus OX=10090 GN=Timp1 PE=1 SV=2",5,6,5,6,6,"TIMP1_MOUSE","TIMP1_MOUSE","Y","Y"
"P12265","BGLR_MOUSE","Y","Gusb","Beta-glucuronidase OS=Mus musculus OX=10090 GN=Gusb PE=1 SV=2",4,4,3,2,2,"BGLR_MOUSE","BGLR_MOUSE","Y","Y"
"P13020","GELS_MOUSE","Y","Gsn","Isoform 2 of Gelsolin OS=Mus musculus OX=10090 GN=Gsn",21,24,23,24,26,"sp|P13020-2|GELS_MOUSE","GELS_MOUSE","Y","Y"
"P13609","SRGN_MOUSE","Y","Srgn","Serglycin OS=Mus musculus OX=10090 GN=Srgn PE=1 SV=1",3,2,2,3,2,"SRGN_MOUSE","SRGN_MOUSE","Y","Y"
"P14206","RSSA_MOUSE","N","Rpsa","40S ribosomal protein SA OS=Mus musculus OX=10090 GN=Rpsa PE=1 SV=4",6,5,4,6,6,"RSSA_MOUSE","RSSA_MOUSE","Y","Y"
"P14211","CALR_MOUSE","Y","Calr","Calreticulin OS=Mus musculus OX=10090 GN=Calr PE=1 SV=1",23,21,19,22,21,"CALR_MOUSE","CALR_MOUSE","Y","Y"
"P15535","B4GT1_MOUSE","N","B4galt1","Isoform Short of Beta-1,4-galactosyltransferase 1 OS=Mus musculus OX=10090 GN=B4galt1",4,3,4,4,3,"sp|P15535-2|B4GT1_MOUSE (+1)","B4GT1_MOUSE","Y","Y"
"P15626","GSTM2_MOUSE","N","Gstm2","Glutathione S-transferase Mu 2 OS=Mus musculus OX=10090 GN=Gstm2 PE=1 SV=2",9,7,7,9,9,"GSTM2_MOUSE","GSTM2_MOUSE","N","N"
"P16045","LEG1_MOUSE","N","Lgals1","Galectin-1 OS=Mus musculus OX=10090 GN=Lgals1 PE=1 SV=3",7,7,8,7,9,"LEG1_MOUSE","LEG1_MOUSE","Y","Y"
"P16110","LEG3_MOUSE","N","Lgals3","Galectin-3 OS=Mus musculus OX=10090 GN=Lgals3 PE=1 SV=3",9,8,7,9,8,"LEG3_MOUSE (+1)","LEG3_MOUSE","Y","Y"
"P17047","LAMP2_MOUSE","Y","Lamp2","Isoform LAMP-2B of Lysosome-associated membrane glycoprotein 2 OS=Mus musculus OX=10090 GN=Lamp2",2,3,2,2,3,"sp|P17047-2|LAMP2_MOUSE (+2)","LAMP2_MOUSE","Y","Y"
"P17742","PPIA_MOUSE","N","Ppia","Peptidyl-prolyl cis-trans isomerase A OS=Mus musculus OX=10090 GN=Ppia PE=1 SV=2",10,11,10,10,10,"PPIA_MOUSE","PPIA_MOUSE","Y","Y"
"P18242","CATD_MOUSE","Y","Ctsd","Cathepsin D OS=Mus musculus OX=10090 GN=Ctsd PE=1 SV=1",17,16,17,16,15,"CATD_MOUSE","CATD_MOUSE","Y","Y"
"P18406","CCN1_MOUSE","Y","Cyr61","Protein CYR61 OS=Mus musculus OX=10090 GN=Cyr61 PE=1 SV=1",7,6,6,8,10,"CYR61_MOUSE","CYR61_MOUSE","Y","Y"
"P18760","COF1_MOUSE","N","Cfl1","Cofilin-1 OS=Mus musculus OX=10090 GN=Cfl1 PE=1 SV=3",15,15,13,16,16,"COF1_MOUSE","COF1_MOUSE","Y","Y"
"P19137","LAMA1_MOUSE","Y","Lama1","Laminin subunit alpha-1 OS=Mus musculus OX=10090 GN=Lama1 PE=1 SV=1",44,33,36,38,43,"F8VQ40_MOUSE","F8VQ40_MOUSE","Y","Y"
"P19324","SERPH_MOUSE","Y","Serpinh1","Serpin H1 OS=Mus musculus OX=10090 GN=Serpinh1 PE=1 SV=3",19,18,17,20,19,"SERPH_MOUSE","SERPH_MOUSE","Y","Y"
"P20029","BIP_MOUSE","Y","Hspa5","Endoplasmic reticulum chaperone BiP OS=Mus musculus OX=10090 GN=Hspa5 PE=1 SV=3",39,39,35,38,38,"BIP_MOUSE","BIP_MOUSE","Y","Y"
"P20060","HEXB_MOUSE","Y","Hexb","Beta-hexosaminidase subunit beta OS=Mus musculus OX=10090 GN=Hexb PE=1 SV=2",12,9,11,12,11,"HEXB_MOUSE","HEXB_MOUSE","Y","Y"
"P20918","PLMN_MOUSE","Y","Plg","Plasminogen OS=Mus musculus OX=10090 GN=Plg PE=1 SV=3",2,3,4,2,2,"PLMN_MOUSE","PLMN_MOUSE","Y","Y"
"P21460","CYTC_MOUSE","Y","Cst3","Cystatin-C OS=Mus musculus OX=10090 GN=Cst3 PE=1 SV=2",7,7,7,7,8,"CYTC_MOUSE","CYTC_MOUSE","Y","Y"
"P21956","MFGM_MOUSE","Y","Mfge8","Isoform 2 of Lactadherin OS=Mus musculus OX=10090 GN=Mfge8",4,2,2,2,5,"sp|P21956-2|MFGM_MOUSE (+1)","MFGM_MOUSE","Y","Y"
"P21981","TGM2_MOUSE","N","Tgm2","Protein-glutamine gamma-glutamyltransferase 2 OS=Mus musculus OX=10090 GN=Tgm2 PE=1 SV=4",21,21,14,21,19,"TGM2_MOUSE","TGM2_MOUSE","Y","Y"
"P23780","BGAL_MOUSE","Y","Glb1","Beta-galactosidase OS=Mus musculus OX=10090 GN=Glb1 PE=1 SV=1",4,3,4,4,6,"BGAL_MOUSE","BGAL_MOUSE","Y","Y"
"P24270","CATA_MOUSE","N","Cat","Catalase OS=Mus musculus OX=10090 GN=Cat PE=1 SV=4",14,12,7,9,5,"CATA_MOUSE","CATA_MOUSE","Y","Y"
"P27046","MA2A1_MOUSE","N","Man2a1","Alpha-mannosidase 2 OS=Mus musculus OX=10090 GN=Man2a1 PE=1 SV=2",19,13,12,16,17,"MA2A1_MOUSE","MA2A1_MOUSE","Y","Y"
"P27612","PLAP_MOUSE","N","Plaa","Phospholipase A-2-activating protein OS=Mus musculus OX=10090 GN=Plaa PE=1 SV=4",7,2,0,4,4,"PLAP_MOUSE","PLAP_MOUSE","Y","Y"
"P27773","PDIA3_MOUSE","Y","Pdia3","Protein disulfide-isomerase A3 OS=Mus musculus OX=10090 GN=Pdia3 PE=1 SV=2",31,28,32,30,32,"PDIA3_MOUSE","PDIA3_MOUSE","Y","Y"
"P27931","IL1R2_MOUSE","Y","Il1r2","Interleukin-1 receptor type 2 OS=Mus musculus OX=10090 GN=Il1r2 PE=1 SV=1",6,5,2,5,3,"IL1R2_MOUSE","IL1R2_MOUSE","Y","Y"
"P28301","LYOX_MOUSE","Y","Lox","Protein-lysine 6-oxidase OS=Mus musculus OX=10090 GN=Lox PE=1 SV=1",4,2,4,6,5,"LYOX_MOUSE","LYOX_MOUSE","Y","Y"
"P28653","PGS1_MOUSE","Y","Bgn","Biglycan OS=Mus musculus OX=10090 GN=Bgn PE=1 SV=1",11,10,10,13,11,"PGS1_MOUSE","PGS1_MOUSE","Y","Y"
"P28654","PGS2_MOUSE","Y","Dcn","Decorin OS=Mus musculus OX=10090 GN=Dcn PE=1 SV=1",16,14,16,15,16,"PGS2_MOUSE","PGS2_MOUSE","Y","Y"
"P28798","GRN_MOUSE","Y","Grn","Granulins OS=Mus musculus OX=10090 GN=Grn PE=1 SV=2",9,8,4,11,8,"GRN_MOUSE (+1)","GRN_MOUSE","Y","Y"
"P29268","CCN2_MOUSE","Y","Ctgf","Connective tissue growth factor OS=Mus musculus OX=10090 GN=Ctgf PE=2 SV=3",16,14,16,17,17,"CTGF_MOUSE","CTGF_MOUSE","Y","Y"
"P29416","HEXA_MOUSE","Y","Hexa","Beta-hexosaminidase subunit alpha OS=Mus musculus OX=10090 GN=Hexa PE=1 SV=2",10,9,6,11,8,"HEXA_MOUSE","HEXA_MOUSE","N","Y"
"P31230","AIMP1_MOUSE","N","Aimp1","Aminoacyl tRNA synthase complex-interacting multifunctional protein 1 OS=Mus musculus OX=10090 GN=Aimp1 PE=1 SV=2",4,3,2,4,3,"AIMP1_MOUSE","AIMP1_MOUSE","Y","Y"
"P31725","S10A9_MOUSE","N","S100a9","Protein S100-A9 OS=Mus musculus OX=10090 GN=S100a9 PE=1 SV=3",5,3,4,5,4,"S10A9_MOUSE","S10A9_MOUSE","Y","Y"
"P31786","ACBP_MOUSE","N","Dbi","Acyl-CoA-binding protein OS=Mus musculus OX=10090 GN=Dbi PE=1 SV=2",2,2,2,2,2,"ACBP_MOUSE (+1)","ACBP_MOUSE","Y","Y"
"P32261","ANT3_MOUSE","Y","Serpinc1","Antithrombin-III OS=Mus musculus OX=10090 GN=Serpinc1 PE=1 SV=1",5,4,5,4,3,"ANT3_MOUSE","ANT3_MOUSE","Y","Y"
"P33434","MMP2_MOUSE","Y","Mmp2","72 kDa type IV collagenase OS=Mus musculus OX=10090 GN=Mmp2 PE=1 SV=1",15,12,8,21,16,"sp|P33434|MMP2_MOUSE","MMP2_MOUSE","Y","Y"
"P34884","MIF_MOUSE","N","Mif","Macrophage migration inhibitory factor OS=Mus musculus OX=10090 GN=Mif PE=1 SV=2",2,2,2,2,3,"MIF_MOUSE","MIF_MOUSE","Y","Y"
"P34960","MMP12_MOUSE","Y","Mmp12","Macrophage metalloelastase OS=Mus musculus OX=10090 GN=Mmp12 PE=1 SV=3",9,7,10,9,8,"MMP12_MOUSE (+1)","MMP12_MOUSE","Y","Y"
"P37889","FBLN2_MOUSE","Y","Fbln2","Isoform 2 of Fibulin-2 OS=Mus musculus OX=10090 GN=Fbln2",14,6,7,23,13,"sp|P37889-2|FBLN2_MOUSE (+1)","FBLN2_MOUSE","Y","Y"
"P39876","TIMP3_MOUSE","Y","Timp3","Metalloproteinase inhibitor 3 OS=Mus musculus OX=10090 GN=Timp3 PE=1 SV=1",7,4,5,6,6,"TIMP3_MOUSE","TIMP3_MOUSE","Y","Y"
"P40124","CAP1_MOUSE","N","Cap1","Adenylyl cyclase-associated protein 1 OS=Mus musculus OX=10090 GN=Cap1 PE=1 SV=4",12,12,6,14,14,"CAP1_MOUSE","CAP1_MOUSE","Y","Y"
"P42703","LIFR_MOUSE","N","Lifr","Isoform 2 of Leukemia inhibitory factor receptor OS=Mus musculus OX=10090 GN=Lifr",11,7,3,10,6,"sp|P42703-2|LIFR_MOUSE","LIFR_MOUSE","Y","Y"
"P46412","GPX3_MOUSE","Y","Gpx3","Glutathione peroxidase 3 OS=Mus musculus OX=10090 GN=Gpx3 PE=1 SV=2",2,3,0,4,4,"GPX3_MOUSE","GPX3_MOUSE","Y","Y"
"P47877","IBP2_MOUSE","Y","Igfbp2","Insulin-like growth factor-binding protein 2 OS=Mus musculus OX=10090 GN=Igfbp2 PE=2 SV=2",8,3,0,7,4,"IBP2_MOUSE","IBP2_MOUSE","Y","Y"
"P47879","IBP4_MOUSE","Y","Igfbp4","Insulin-like growth factor-binding protein 4 OS=Mus musculus OX=10090 GN=Igfbp4 PE=1 SV=2",2,0,4,2,4,"IBP4_MOUSE","IBP4_MOUSE","Y","Y"
"P47880","IBP6_MOUSE","Y","Igfbp6","Insulin-like growth factor-binding protein 6 OS=Mus musculus OX=10090 GN=Igfbp6 PE=2 SV=2",4,2,3,3,4,"IBP6_MOUSE","IBP6_MOUSE","Y","Y"
"P48036","ANXA5_MOUSE","N","Anxa5","Annexin A5 OS=Mus musculus OX=10090 GN=Anxa5 PE=1 SV=1",8,7,5,5,5,"ANXA5_MOUSE","ANXA5_MOUSE","Y","Y"
"P50543","S10AB_MOUSE","N","S100a11","Protein S100-A11 OS=Mus musculus OX=10090 GN=S100a11 PE=1 SV=1",4,2,3,0,3,"S10AB_MOUSE","S10AB_MOUSE","Y","Y"
"P51859","HDGF_MOUSE","N","Hdgf","Hepatoma-derived growth factor OS=Mus musculus OX=10090 GN=Hdgf PE=1 SV=2",6,4,4,4,3,"HDGF_MOUSE","HDGF_MOUSE","Y","Y"
"P51885","LUM_MOUSE","Y","Lum","Lumican OS=Mus musculus OX=10090 GN=Lum PE=1 SV=2",7,7,7,10,10,"LUM_MOUSE","LUM_MOUSE","Y","Y"
"P52480","KPYM_MOUSE","N","Pkm","Pyruvate kinase PKM OS=Mus musculus OX=10090 GN=Pkm PE=1 SV=4",28,30,27,30,27,"sp|P52480|KPYM_MOUSE","KPYM_MOUSE","Y","Y"
"P52480","KPYM_MOUSE","N","Pkm","Isoform M1 of Pyruvate kinase PKM OS=Mus musculus OX=10090 GN=Pkm",2,3,2,3,2,"sp|P52480-2|KPYM_MOUSE","KPYM_MOUSE","Y","Y"
"P55065","PLTP_MOUSE","Y","Pltp","Phospholipid transfer protein OS=Mus musculus OX=10090 GN=Pltp PE=1 SV=1",10,7,0,8,11,"PLTP_MOUSE","PLTP_MOUSE","Y","Y"
"P55097","CATK_MOUSE","Y","Ctsk","Cathepsin K OS=Mus musculus OX=10090 GN=Ctsk PE=1 SV=2",3,2,2,4,3,"CATK_MOUSE","CATK_MOUSE","Y","Y"
"P58022","LOXL2_MOUSE","Y","Loxl2","Lysyl oxidase homolog 2 OS=Mus musculus OX=10090 GN=Loxl2 PE=1 SV=2",10,6,7,14,11,"sp|P58022|LOXL2_MOUSE","LOXL2_MOUSE","Y","Y"
"P62960","YBOX1_MOUSE","N","Ybx1","Nuclease-sensitive element-binding protein 1 OS=Mus musculus OX=10090 GN=Ybx1 PE=1 SV=3",7,5,3,7,7,"YBOX1_MOUSE","YBOX1_MOUSE","Y","Y"
"P62962","PROF1_MOUSE","N","Pfn1","Profilin-1 OS=Mus musculus OX=10090 GN=Pfn1 PE=1 SV=2",10,9,10,10,10,"PROF1_MOUSE","PROF1_MOUSE","Y","Y"
"P63017","HSP7C_MOUSE","N","Hspa8","Heat shock cognate 71 kDa protein OS=Mus musculus OX=10090 GN=Hspa8 PE=1 SV=1",31,28,25,30,29,"HSP7C_MOUSE","HSP7C_MOUSE","Y","Y"
"P63028","TCTP_MOUSE","N","Tpt1","Translationally-controlled tumor protein OS=Mus musculus OX=10090 GN=Tpt1 PE=1 SV=1",9,8,9,9,8,"TCTP_MOUSE","TCTP_MOUSE","Y","Y"
"P63038","CH60_MOUSE","N","Hspd1","60 kDa heat shock protein, mitochondrial OS=Mus musculus OX=10090 GN=Hspd1 PE=1 SV=1",14,12,9,12,13,"sp|P63038|CH60_MOUSE","CH60_MOUSE","Y","Y"
"P70275","SEM3E_MOUSE","Y","Sema3e","Semaphorin-3E OS=Mus musculus OX=10090 GN=Sema3e PE=1 SV=3",7,2,0,8,7,"SEM3E_MOUSE","SEM3E_MOUSE","Y","Y"
"P70296","PEBP1_MOUSE","N","Pebp1","Phosphatidylethanolamine-binding protein 1 OS=Mus musculus OX=10090 GN=Pebp1 PE=1 SV=3",8,7,4,7,8,"PEBP1_MOUSE","PEBP1_MOUSE","Y","Y"
"P70441","NHRF1_MOUSE","N","Slc9a3r1","Na(+)/H(+) exchange regulatory cofactor NHE-RF1 OS=Mus musculus OX=10090 GN=Slc9a3r1 PE=1 SV=3",3,2,0,3,2,"NHRF1_MOUSE","NHRF1_MOUSE","Y","Y"
"P81117","NUCB2_MOUSE","Y","Nucb2","Nucleobindin-2 OS=Mus musculus OX=10090 GN=Nucb2 PE=1 SV=2",4,4,0,4,4,"NUCB2_MOUSE (+1)","NUCB2_MOUSE","Y","Y"
"P82198","BGH3_MOUSE","Y","Tgfbi","Transforming growth factor-beta-induced protein ig-h3 OS=Mus musculus OX=10090 GN=Tgfbi PE=1 SV=1",5,6,4,8,6,"BGH3_MOUSE","BGH3_MOUSE","Y","Y"
"P97290","IC1_MOUSE","Y","Serping1","Plasma protease C1 inhibitor OS=Mus musculus OX=10090 GN=Serping1 PE=1 SV=3",13,10,12,12,12,"IC1_MOUSE","IC1_MOUSE","Y","Y"
"P97298","PEDF_MOUSE","Y","Serpinf1","Pigment epithelium-derived factor OS=Mus musculus OX=10090 GN=Serpinf1 PE=1 SV=2",5,4,2,6,4,"PEDF_MOUSE","PEDF_MOUSE","Y","Y"
"P97449","AMPN_MOUSE","N","Anpep","Aminopeptidase N OS=Mus musculus OX=10090 GN=Anpep PE=1 SV=4",3,4,3,3,0,"AMPN_MOUSE","AMPN_MOUSE","Y","Y"
"P98063","BMP1_MOUSE","Y","Bmp1","Bone morphogenetic protein 1 OS=Mus musculus OX=10090 GN=Bmp1 PE=1 SV=2",7,3,4,8,6,"BMP1_MOUSE","BMP1_MOUSE","Y","Y"
"P98064","MASP1_MOUSE","Y","Masp1","Isoform 2 of Mannan-binding lectin serine protease 1 OS=Mus musculus OX=10090 GN=Masp1",10,7,9,16,14,"sp|P98064-2|MASP1_MOUSE","MASP1_MOUSE","Y","Y"
"P98086","C1QA_MOUSE","Y","C1qa","Complement C1q subcomponent subunit A OS=Mus musculus OX=10090 GN=C1qa PE=1 SV=2",4,2,0,5,3,"C1QA_MOUSE","C1QA_MOUSE","Y","Y"
"Q00493","CBPE_MOUSE","Y","Cpe","Carboxypeptidase E OS=Mus musculus OX=10090 GN=Cpe PE=1 SV=2",18,14,14,18,18,"CBPE_MOUSE","CBPE_MOUSE","Y","Y"
"Q00519","XDH_MOUSE","N","Xdh","Xanthine dehydrogenase/oxidase OS=Mus musculus OX=10090 GN=Xdh PE=1 SV=5",17,14,11,16,15,"XDH_MOUSE","XDH_MOUSE","Y","Y"
"Q00623","APOA1_MOUSE","Y","Apoa1","Apolipoprotein A-I OS=Mus musculus OX=10090 GN=Apoa1 PE=1 SV=2",6,2,5,8,9,"APOA1_MOUSE","APOA1_MOUSE","Y","Y"
"Q01149","CO1A2_MOUSE","Y","Col1a2","Collagen alpha-2(I) chain OS=Mus musculus OX=10090 GN=Col1a2 PE=1 SV=2",9,9,9,11,10,"CO1A2_MOUSE","CO1A2_MOUSE","Y","Y"
"Q02105","C1QC_MOUSE","Y","C1qc","Complement C1q subcomponent subunit C OS=Mus musculus OX=10090 GN=C1qc PE=1 SV=2",4,3,2,3,3,"C1QC_MOUSE","C1QC_MOUSE","Y","Y"
"Q02788","CO6A2_MOUSE","Y","Col6a2","Collagen alpha-2(VI) chain OS=Mus musculus OX=10090 GN=Col6a2 PE=1 SV=3",7,2,3,12,8,"CO6A2_MOUSE","CO6A2_MOUSE","Y","Y"
"Q02819","NUCB1_MOUSE","Y","Nucb1","Nucleobindin-1 OS=Mus musculus OX=10090 GN=Nucb1 PE=1 SV=2",15,9,9,15,10,"NUCB1_MOUSE","NUCB1_MOUSE","Y","Y"
"Q03350","TSP2_MOUSE","Y","Thbs2","Thrombospondin-2 OS=Mus musculus OX=10090 GN=Thbs2 PE=1 SV=2",24,23,16,28,21,"TSP2_MOUSE","TSP2_MOUSE","Y","Y"
"Q03366","CCL7_MOUSE","Y","Ccl7","C-C motif chemokine 7 OS=Mus musculus OX=10090 GN=Ccl7 PE=3 SV=1",3,2,0,3,2,"CCL7_MOUSE","CCL7_MOUSE","Y","Y"
"Q04447","KCRB_MOUSE","N","Ckb","Creatine kinase B-type OS=Mus musculus OX=10090 GN=Ckb PE=1 SV=1",15,11,11,15,14,"KCRB_MOUSE","KCRB_MOUSE","Y","Y"
"Q04998","INHBA_MOUSE","Y","Inhba","Inhibin beta A chain OS=Mus musculus OX=10090 GN=Inhba PE=1 SV=1",21,18,21,24,22,"INHBA_MOUSE","INHBA_MOUSE","Y","Y"
"Q05816","FABP5_MOUSE","N","Fabp5","Fatty acid-binding protein, epidermal OS=Mus musculus OX=10090 GN=Fabp5 PE=1 SV=3",9,9,10,8,9,"FABP5_MOUSE","FABP5_MOUSE","Y","Y"
"Q06890","CLUS_MOUSE","Y","Clu","Clusterin OS=Mus musculus OX=10090 GN=Clu PE=1 SV=1",5,4,5,8,5,"CLUS_MOUSE","CLUS_MOUSE","Y","Y"
"Q07113","MPRI_MOUSE","Y","Igf2r","Cation-independent mannose-6-phosphate receptor OS=Mus musculus OX=10090 GN=Igf2r PE=1 SV=1",10,3,3,7,3,"MPRI_MOUSE","MPRI_MOUSE","Y","Y"
"Q07235","GDN_MOUSE","Y","Serpine2","Glia-derived nexin OS=Mus musculus OX=10090 GN=Serpine2 PE=1 SV=2",16,14,13,16,15,"GDN_MOUSE","GDN_MOUSE","Y","Y"
"Q07797","LG3BP_MOUSE","Y","Lgals3bp","Galectin-3-binding protein OS=Mus musculus OX=10090 GN=Lgals3bp PE=1 SV=1",16,17,17,20,15,"LG3BP_MOUSE","LG3BP_MOUSE","Y","Y"
"Q08761","PROS_MOUSE","Y","Pros1","Vitamin K-dependent protein S OS=Mus musculus OX=10090 GN=Pros1 PE=2 SV=1",7,3,5,7,5,"PROS_MOUSE","PROS_MOUSE","Y","Y"
"Q08879","FBLN1_MOUSE","Y","Fbln1","Fibulin-1 OS=Mus musculus OX=10090 GN=Fbln1 PE=1 SV=2",11,3,4,9,10,"sp|Q08879|FBLN1_MOUSE","FBLN1_MOUSE","Y","Y"
"Q3TCN2","PLBL2_MOUSE","N","Plbd2","Putative phospholipase B-like 2 OS=Mus musculus OX=10090 GN=Plbd2 PE=1 SV=2",4,2,6,2,4,"sp|Q3TCN2|PLBL2_MOUSE","PLBL2_MOUSE","N","N"
"Q3TML0","Q3TML0_MOUSE","Y","Pdia6","Protein disulfide-isomerase A6 OS=Mus musculus OX=10090 GN=Pdia6 PE=1 SV=1",14,16,9,14,15,"Q3TML0_MOUSE","Q3TML0_MOUSE","Y","Y"
"Q3TMX5","Q3TMX5_MOUSE","Y","Manf","Arginine-rich, mutated in early stage tumors, isoform CRA_b OS=Mus musculus OX=10090 GN=Manf PE=1 SV=1",11,10,6,10,8,"Q3TMX5_MOUSE (+1)","Q3TMX5_MOUSE","Y","Y"
"Q3U2G2","Q3U2G2_MOUSE","N","Hspa4","Heat shock 70 kDa protein 4 OS=Mus musculus OX=10090 GN=Hspa4 PE=1 SV=1",21,19,16,26,23,"Q3U2G2_MOUSE","Q3U2G2_MOUSE","Y","Y"
"Q3U962","CO5A2_MOUSE","Y","Col5a2","Collagen alpha-2(V) chain OS=Mus musculus OX=10090 GN=Col5a2 PE=1 SV=1",5,4,5,6,6,"CO5A2_MOUSE","CO5A2_MOUSE","Y","Y"
"Q3UQ28","PXDN_MOUSE","Y","Pxdn","Peroxidasin homolog OS=Mus musculus OX=10090 GN=Pxdn PE=1 SV=2",22,8,7,28,23,"PXDN_MOUSE","PXDN_MOUSE","Y","Y"
"Q501P1","FBLN7_MOUSE","Y","Fbln7","Fibulin-7 OS=Mus musculus OX=10090 GN=Fbln7 PE=1 SV=1",6,3,0,4,4,"FBLN7_MOUSE","FBLN7_MOUSE","Y","Y"
"Q571E4","GALNS_MOUSE","Y","Galns","N-acetylgalactosamine-6-sulfatase OS=Mus musculus OX=10090 GN=Galns PE=1 SV=2",14,9,6,7,10,"GALNS_MOUSE","GALNS_MOUSE","N","Y"
"Q60648","SAP3_MOUSE","Y","Gm2a","Ganglioside GM2 activator OS=Mus musculus OX=10090 GN=Gm2a PE=1 SV=2",4,4,4,4,4,"SAP3_MOUSE","SAP3_MOUSE","N","Y"
"Q60963","PAFA_MOUSE","Y","Pla2g7","Platelet-activating factor acetylhydrolase OS=Mus musculus OX=10090 GN=Pla2g7 PE=2 SV=2",13,11,9,13,12,"PAFA_MOUSE","PAFA_MOUSE","Y","Y"
"Q61001","LAMA5_MOUSE","Y","Lama5","Laminin subunit alpha-5 OS=Mus musculus OX=10090 GN=Lama5 PE=1 SV=4",43,31,34,34,36,"LAMA5_MOUSE","LAMA5_MOUSE","Y","Y"
"Q61147","CERU_MOUSE","Y","Cp","Ceruloplasmin OS=Mus musculus OX=10090 GN=Cp PE=1 SV=2",6,4,4,9,4,"CERU_MOUSE (+1)","CERU_MOUSE","Y","Y"
"Q61176","ARGI1_MOUSE","N","Arg1","Arginase-1 OS=Mus musculus OX=10090 GN=Arg1 PE=1 SV=1",6,4,9,6,0,"ARGI1_MOUSE","ARGI1_MOUSE","Y","Y"
"Q61233","PLSL_MOUSE","N","Lcp1","Plastin-2 OS=Mus musculus OX=10090 GN=Lcp1 PE=1 SV=4",34,25,25,31,29,"PLSL_MOUSE","PLSL_MOUSE","Y","Y"
"Q61292","LAMB2_MOUSE","Y","Lamb2","Laminin subunit beta-2 OS=Mus musculus OX=10090 GN=Lamb2 PE=1 SV=2",35,21,25,26,28,"LAMB2_MOUSE","LAMB2_MOUSE","Y","Y"
"Q61398","PCOC1_MOUSE","Y","Pcolce","Procollagen C-endopeptidase enhancer 1 OS=Mus musculus OX=10090 GN=Pcolce PE=1 SV=2",8,4,3,9,9,"PCOC1_MOUSE","PCOC1_MOUSE","Y","Y"
"Q61468","MSLN_MOUSE","Y","Msln","Mesothelin OS=Mus musculus OX=10090 GN=Msln PE=1 SV=1",7,3,0,4,7,"MSLN_MOUSE","MSLN_MOUSE","Y","Y"
"Q61508","ECM1_MOUSE","Y","Ecm1","Extracellular matrix protein 1 OS=Mus musculus OX=10090 GN=Ecm1 PE=1 SV=2",13,6,7,11,12,"sp|Q61508|ECM1_MOUSE","ECM1_MOUSE","Y","Y"
"Q61553","FSCN1_MOUSE","N","Fscn1","Fascin OS=Mus musculus OX=10090 GN=Fscn1 PE=1 SV=4",12,13,11,13,9,"FSCN1_MOUSE","FSCN1_MOUSE","Y","Y"
"Q61554","FBN1_MOUSE","Y","Fbn1","Fibrillin-1 OS=Mus musculus OX=10090 GN=Fbn1 PE=1 SV=2",2,2,0,6,5,"FBN1_MOUSE","FBN1_MOUSE","Y","Y"
"Q61646","HPT_MOUSE","Y","Hp","Haptoglobin OS=Mus musculus OX=10090 GN=Hp PE=1 SV=1",4,4,4,4,4,"HPT_MOUSE","HPT_MOUSE","Y","Y"
"Q61699","HS105_MOUSE","N","Hsph1","Isoform HSP105-beta of Heat shock protein 105 kDa OS=Mus musculus OX=10090 GN=Hsph1",5,6,2,5,8,"sp|Q61699-2|HS105_MOUSE (+1)","HS105_MOUSE","Y","Y"
"Q62009","POSTN_MOUSE","Y","Postn","Isoform 2 of Periostin OS=Mus musculus OX=10090 GN=Postn",14,10,7,20,12,"sp|Q62009-2|POSTN_MOUSE","POSTN_MOUSE","Y","Y"
"Q62165","DAG1_MOUSE","Y","Dag1","Dystroglycan OS=Mus musculus OX=10090 GN=Dag1 PE=1 SV=4",5,0,3,4,6,"DAG1_MOUSE","DAG1_MOUSE","Y","Y"
"Q62351","TFR1_MOUSE","N","Tfrc","Transferrin receptor protein 1 OS=Mus musculus OX=10090 GN=Tfrc PE=1 SV=1",11,12,5,14,6,"TFR1_MOUSE","TFR1_MOUSE","Y","Y"
"Q62356","FSTL1_MOUSE","Y","Fstl1","Follistatin-related protein 1 OS=Mus musculus OX=10090 GN=Fstl1 PE=1 SV=2",11,8,10,15,15,"FSTL1_MOUSE","FSTL1_MOUSE","Y","Y"
"Q62426","CYTB_MOUSE","N","Cstb","Cystatin-B OS=Mus musculus OX=10090 GN=Cstb PE=1 SV=1",5,4,4,4,5,"CYTB_MOUSE","CYTB_MOUSE","Y","Y"
"Q62507","COCH_MOUSE","Y","Coch","Cochlin OS=Mus musculus OX=10090 GN=Coch PE=1 SV=2",4,0,4,6,5,"COCH_MOUSE","COCH_MOUSE","Y","Y"
"Q640N1","AEBP1_MOUSE","Y","Aebp1","Adipocyte enhancer-binding protein 1 OS=Mus musculus OX=10090 GN=Aebp1 PE=1 SV=1",15,9,11,17,13,"sp|Q640N1|AEBP1_MOUSE","AEBP1_MOUSE","Y","Y"
"Q64191","ASPG_MOUSE","Y","Aga","N(4)-(beta-N-acetylglucosaminyl)-L-asparaginase OS=Mus musculus OX=10090 GN=Aga PE=1 SV=1",5,3,4,4,4,"ASPG_MOUSE","ASPG_MOUSE","Y","Y"
"Q64339","ISG15_MOUSE","N","Isg15","Ubiquitin-like protein ISG15 OS=Mus musculus OX=10090 GN=Isg15 PE=1 SV=4",5,3,2,5,4,"ISG15_MOUSE","ISG15_MOUSE","Y","Y"
"Q6GQT1","A2MG_MOUSE","Y","A2m","Alpha-2-macroglobulin-P OS=Mus musculus OX=10090 GN=A2m PE=2 SV=2",25,20,22,25,30,"A2MG_MOUSE","A2MG_MOUSE","Y","Y"
"Q6P069","SORCN_MOUSE","N","Sri","Isoform 2 of Sorcin OS=Mus musculus OX=10090 GN=Sri",8,7,6,7,9,"sp|Q6P069-2|SORCN_MOUSE (+1)","SORCN_MOUSE","Y","Y"
"Q6PI17","Q6PI17_MOUSE","Y","Timp2","Metalloproteinase inhibitor 2 OS=Mus musculus OX=10090 GN=Timp2 PE=1 SV=1",9,7,6,9,9,"Q6PI17_MOUSE (+1)","Q6PI17_MOUSE","Y","Y"
"Q80YQ1","Q80YQ1_MOUSE","Y","Thbs1","Thrombospondin-1 OS=Mus musculus OX=10090 GN=Thbs1 PE=1 SV=1",25,24,21,30,27,"Q80YQ1_MOUSE","Q80YQ1_MOUSE","Y","Y"
"Q80YX1","TENA_MOUSE","Y","Tnc","Isoform 2 of Tenascin OS=Mus musculus OX=10090 GN=Tnc",45,25,28,44,42,"sp|Q80YX1-2|TENA_MOUSE","TENA_MOUSE","Y","Y"
"Q80ZS9","Q80ZS9_MOUSE","Y","Sct","Sct protein OS=Mus musculus OX=10090 GN=Sct PE=2 SV=1",3,4,3,4,3,"Q80ZS9_MOUSE (+1)","Q80ZS9_MOUSE","Y","Y"
"Q8BFR4","GNS_MOUSE","Y","Gns","N-acetylglucosamine-6-sulfatase OS=Mus musculus OX=10090 GN=Gns PE=1 SV=1",7,8,6,6,11,"GNS_MOUSE","GNS_MOUSE","N","Y"
"Q8BH61","F13A_MOUSE","N","F13a1","Coagulation factor XIII A chain OS=Mus musculus OX=10090 GN=F13a1 PE=1 SV=3",8,2,3,5,4,"F13A_MOUSE","F13A_MOUSE","Y","Y"
"Q8BND5","QSOX1_MOUSE","Y","Qsox1","Sulfhydryl oxidase 1 OS=Mus musculus OX=10090 GN=Qsox1 PE=1 SV=1",19,12,16,17,17,"sp|Q8BND5|QSOX1_MOUSE","QSOX1_MOUSE","Y","Y"
"Q8C7E4","Q8C7E4_MOUSE","Y","Rnase4","Ribonuclease 4 OS=Mus musculus OX=10090 GN=Rnase4 PE=1 SV=1",3,7,3,7,6,"Q8C7E4_MOUSE","Q8C7E4_MOUSE","Y","Y"
"Q8CFH0","Q8CFH0_MOUSE","N","Prl8a8","Prolactin-8A8 OS=Mus musculus OX=10090 GN=Prl8a8 PE=2 SV=1",9,7,4,9,9,"Q8CFH0_MOUSE (+2)","Q8CFH0_MOUSE","Y","Y"
"Q8CIE6","COPA_MOUSE","N","Copa","Coatomer subunit alpha OS=Mus musculus OX=10090 GN=Copa PE=1 SV=2",17,16,7,22,23,"COPA_MOUSE","COPA_MOUSE","Y","Y"
"Q8JZQ5","AOC1_MOUSE","Y","Aoc1","Amiloride-sensitive amine oxidase [copper-containing] OS=Mus musculus OX=10090 GN=Aoc1 PE=2 SV=1",6,4,4,7,6,"AOC1_MOUSE (+1)","AOC1_MOUSE","Y","Y"
"Q8R2P8","Q8R2P8_MOUSE","N","Kars","Lysine--tRNA ligase OS=Mus musculus OX=10090 GN=Kars PE=1 SV=1",6,4,2,8,6,"Q8R2P8_MOUSE","Q8R2P8_MOUSE","Y","Y"
"Q8VCC9","SPON1_MOUSE","Y","Spon1","Spondin-1 OS=Mus musculus OX=10090 GN=Spon1 PE=1 SV=1",8,3,3,7,7,"SPON1_MOUSE","SPON1_MOUSE","Y","Y"
"Q8VCT3","AMPB_MOUSE","N","Rnpep","Aminopeptidase B OS=Mus musculus OX=10090 GN=Rnpep PE=1 SV=2",3,2,0,2,2,"AMPB_MOUSE","AMPB_MOUSE","Y","Y"
"Q8VHQ1","Q8VHQ1_MOUSE","N","Serpinb9g","MCG118061 OS=Mus musculus OX=10090 GN=Serpinb9g PE=2 SV=1",17,12,10,15,14,"Q8VHQ1_MOUSE","Q8VHQ1_MOUSE","Y","Y"
"Q91VB8","Q91VB8_MOUSE","N","Hba-a1","Alpha globin 1 OS=Mus musculus OX=10090 GN=Hba-a1 PE=1 SV=1",13,16,10,16,10,"Q91VB8_MOUSE","Q91VB8_MOUSE","Y","Y"
"Q920A5","RISC_MOUSE","Y","Scpep1","Retinoid-inducible serine carboxypeptidase OS=Mus musculus OX=10090 GN=Scpep1 PE=1 SV=2",5,4,0,6,4,"RISC_MOUSE","RISC_MOUSE","Y","Y"
"Q99KC8","VMA5A_MOUSE","N","Vwa5a","von Willebrand factor A domain-containing protein 5A OS=Mus musculus OX=10090 GN=Vwa5a PE=1 SV=2",9,5,4,6,7,"VMA5A_MOUSE","VMA5A_MOUSE","Y","Y"
"Q99KQ4","NAMPT_MOUSE","N","Nampt","Nicotinamide phosphoribosyltransferase OS=Mus musculus OX=10090 GN=Nampt PE=1 SV=1",21,17,14,18,18,"NAMPT_MOUSE","NAMPT_MOUSE","Y","Y"
"Q99KV1","DJB11_MOUSE","Y","Dnajb11","DnaJ homolog subfamily B member 11 OS=Mus musculus OX=10090 GN=Dnajb11 PE=1 SV=1",6,6,3,7,5,"DJB11_MOUSE","DJB11_MOUSE","Y","Y"
"Q99M71","EPDR1_MOUSE","Y","Epdr1","Mammalian ependymin-related protein 1 OS=Mus musculus OX=10090 GN=Epdr1 PE=1 SV=1",7,4,6,6,6,"sp|Q99M71|EPDR1_MOUSE","EPDR1_MOUSE","Y","Y"
"Q99PT1","GDIR1_MOUSE","N","Arhgdia","Rho GDP-dissociation inhibitor 1 OS=Mus musculus OX=10090 GN=Arhgdia PE=1 SV=3",10,9,9,9,9,"GDIR1_MOUSE","GDIR1_MOUSE","Y","Y"
"Q9CPT4","MYDGF_MOUSE","Y","Mydgf","Myeloid-derived growth factor OS=Mus musculus OX=10090 GN=Mydgf PE=1 SV=1",4,5,4,5,5,"MYDGF_MOUSE","MYDGF_MOUSE","Y","Y"
"Q9CR36","GKN1_MOUSE","N","Gkn1","Gastrokine-1 OS=Mus musculus OX=10090 GN=Gkn1 PE=2 SV=2",5,4,3,4,6,"GKN1_MOUSE (+1)","GKN1_MOUSE","Y","Y"
"Q9CX00","IST1_MOUSE","N","Ist1","IST1 homolog OS=Mus musculus OX=10090 GN=Ist1 PE=1 SV=1",3,3,0,4,2,"IST1_MOUSE","IST1_MOUSE","Y","Y"
"Q9CYA0","CREL2_MOUSE","Y","Creld2","Cysteine-rich with EGF-like domain protein 2 OS=Mus musculus OX=10090 GN=Creld2 PE=1 SV=1",7,7,2,7,6,"CREL2_MOUSE","CREL2_MOUSE","Y","Y"
"Q9CZD3","GARS_MOUSE","N","Gars","Glycine--tRNA ligase OS=Mus musculus OX=10090 GN=Gars PE=1 SV=1",7,7,4,6,5,"GARS_MOUSE","GARS_MOUSE","Y","Y"
"Q9CZT5","VASN_MOUSE","Y","Vasn","Vasorin OS=Mus musculus OX=10090 GN=Vasn PE=2 SV=2",3,2,0,3,3,"VASN_MOUSE","VASN_MOUSE","Y","Y"
"Q9D106","PEPA5_MOUSE","Y","Pga5","Pepsin A-5 OS=Mus musculus OX=10090 GN=Pga5 PE=1 SV=1",4,4,4,5,6,"PEPA5_MOUSE","PEPA5_MOUSE","Y","Y"
"Q9D236","HTRA3_MOUSE","Y","Htra3","Isoform 3 of Serine protease HTRA3 OS=Mus musculus OX=10090 GN=Htra3",4,2,0,6,5,"sp|Q9D236-1|HTRA3_MOUSE (+1)","HTRA3_MOUSE","Y","Y"
"Q9D6X6","PRS23_MOUSE","Y","Prss23","Serine protease 23 OS=Mus musculus OX=10090 GN=Prss23 PE=2 SV=2",2,2,0,4,3,"PRS23_MOUSE","PRS23_MOUSE","Y","Y"
"Q9DAV6","Q9DAV6_MOUSE","N","Serpinb9b","R86 OS=Mus musculus OX=10090 GN=Serpinb9b PE=1 SV=1",17,14,14,18,19,"Q9DAV6_MOUSE","Q9DAV6_MOUSE","Y","Y"
"Q9DBH5","LMAN2_MOUSE","Y","Lman2","Vesicular integral-membrane protein VIP36 OS=Mus musculus OX=10090 GN=Lman2 PE=1 SV=2",8,6,3,4,5,"LMAN2_MOUSE","LMAN2_MOUSE","Y","Y"
"Q9DD06","RARR2_MOUSE","Y","Rarres2","Retinoic acid receptor responder protein 2 OS=Mus musculus OX=10090 GN=Rarres2 PE=1 SV=1",8,7,8,8,9,"RARR2_MOUSE","RARR2_MOUSE","Y","Y"
"Q9EPB4","ASC_MOUSE","N","Pycard","Apoptosis-associated speck-like protein containing a CARD OS=Mus musculus OX=10090 GN=Pycard PE=1 SV=1",2,0,2,2,2,"ASC_MOUSE","ASC_MOUSE","Y","Y"
"Q9EQ09","OLR1_MOUSE","N","Olr1","Oxidized low-density lipoprotein receptor 1 OS=Mus musculus OX=10090 GN=Olr1 PE=2 SV=2",2,2,0,2,2,"OLR1_MOUSE","OLR1_MOUSE","Y","Y"
"Q9EQH2","ERAP1_MOUSE","Y","Erap1","Endoplasmic reticulum aminopeptidase 1 OS=Mus musculus OX=10090 GN=Erap1 PE=1 SV=2",8,5,3,6,2,"ERAP1_MOUSE","ERAP1_MOUSE","Y","Y"
"Q9ERE7","MESD_MOUSE","Y","Mesd","LRP chaperone MESD OS=Mus musculus OX=10090 GN=Mesd PE=1 SV=1",2,2,2,4,4,"MESD_MOUSE","MESD_MOUSE","N","Y"
"Q9ET22","DPP2_MOUSE","Y","Dpp7","Dipeptidyl peptidase 2 OS=Mus musculus OX=10090 GN=Dpp7 PE=1 SV=2",4,3,3,5,3,"DPP2_MOUSE","DPP2_MOUSE","Y","Y"
"Q9JKR6","HYOU1_MOUSE","Y","Hyou1","Hypoxia up-regulated protein 1 OS=Mus musculus OX=10090 GN=Hyou1 PE=1 SV=1",27,21,13,26,23,"HYOU1_MOUSE","HYOU1_MOUSE","Y","Y"
"Q9QUR8","SEM7A_MOUSE","Y","Sema7a","Semaphorin-7A OS=Mus musculus OX=10090 GN=Sema7a PE=1 SV=1",7,8,2,7,5,"SEM7A_MOUSE","SEM7A_MOUSE","Y","Y"
"Q9QXC1","FETUB_MOUSE","Y","Fetub","Fetuin-B OS=Mus musculus OX=10090 GN=Fetub PE=1 SV=1",4,2,0,2,3,"FETUB_MOUSE","FETUB_MOUSE","Y","Y"
"Q9QXP7","C1QT1_MOUSE","Y","C1qtnf1","Complement C1q tumor necrosis factor-related protein 1 OS=Mus musculus OX=10090 GN=C1qtnf1 PE=2 SV=1",4,3,0,5,5,"C1QT1_MOUSE","C1QT1_MOUSE","Y","Y"
"Q9QZF2","GPC1_MOUSE","Y","Gpc1","Glypican-1 OS=Mus musculus OX=10090 GN=Gpc1 PE=1 SV=1",9,2,3,7,8,"GPC1_MOUSE","GPC1_MOUSE","Y","Y"
"Q9R045","ANGL2_MOUSE","Y","Angptl2","Angiopoietin-related protein 2 OS=Mus musculus OX=10090 GN=Angptl2 PE=2 SV=2",5,0,3,7,4,"ANGL2_MOUSE","ANGL2_MOUSE","Y","Y"
"Q9R0E1","PLOD3_MOUSE","Y","Plod3","Procollagen-lysine,2-oxoglutarate 5-dioxygenase 3 OS=Mus musculus OX=10090 GN=Plod3 PE=1 SV=1",12,7,2,8,7,"PLOD3_MOUSE","PLOD3_MOUSE","Y","Y"
"Q9R0E2","PLOD1_MOUSE","Y","Plod1","Procollagen-lysine,2-oxoglutarate 5-dioxygenase 1 OS=Mus musculus OX=10090 GN=Plod1 PE=1 SV=1",25,17,14,20,21,"PLOD1_MOUSE","PLOD1_MOUSE","Y","Y"
"Q9R118","HTRA1_MOUSE","Y","Htra1","Serine protease HTRA1 OS=Mus musculus OX=10090 GN=Htra1 PE=1 SV=2",10,7,5,12,9,"HTRA1_MOUSE","HTRA1_MOUSE","Y","Y"
"Q9WU78","PDC6I_MOUSE","N","Pdcd6ip","Programmed cell death 6-interacting protein OS=Mus musculus OX=10090 GN=Pdcd6ip PE=1 SV=3",8,5,0,9,7,"sp|Q9WU78|PDC6I_MOUSE","PDC6I_MOUSE","Y","Y"
"Q9WUU7","CATZ_MOUSE","Y","Ctsz","Cathepsin Z OS=Mus musculus OX=10090 GN=Ctsz PE=1 SV=1",8,6,6,8,7,"CATZ_MOUSE","CATZ_MOUSE","Y","Y"
"Q9WV54","ASAH1_MOUSE","Y","Asah1","Acid ceramidase OS=Mus musculus OX=10090 GN=Asah1 PE=1 SV=1",7,7,2,10,9,"ASAH1_MOUSE","ASAH1_MOUSE","Y","Y"
"Q9Z0J0","NPC2_MOUSE","Y","Npc2","NPC intracellular cholesterol transporter 2 OS=Mus musculus OX=10090 GN=Npc2 PE=1 SV=1",5,5,4,5,5,"NPC2_MOUSE","NPC2_MOUSE","Y","Y"
"Q9Z126","PLF4_MOUSE","Y","Pf4","Platelet factor 4 OS=Mus musculus OX=10090 GN=Pf4 PE=1 SV=1",2,3,2,3,3,"PLF4_MOUSE","PLF4_MOUSE","Y","Y"
"Q9Z1Q5","CLIC1_MOUSE","N","Clic1","Chloride intracellular channel protein 1 OS=Mus musculus OX=10090 GN=Clic1 PE=1 SV=3",6,4,5,5,8,"CLIC1_MOUSE","CLIC1_MOUSE","Y","Y"
"Q9Z1R9","Q9Z1R9_MOUSE","Y","Prss1","MCG124046 OS=Mus musculus OX=10090 GN=Prss1 PE=1 SV=1",2,0,2,2,2,"Q9Z1R9_MOUSE","Q9Z1R9_MOUSE","Y","Y"
