"ProteinID","Accession.New","SignalP","MouseGeneName","Description","Sample1","Sample2","Sample3","Sample4","Sample5","X10lgP","UniquePeptide","Accession.Number.ori","Accession.Number","go.ind","secreted"
"O08573","LEG9_MOUSE","N","Lgals9","Galectin-9 OS=Mus musculus GN=Lgals9 PE=1 SV=1",8,2,6,3,2,194.64,8,"O08573|LEG9_MOUSE","LEG9_MOUSE","Y","Y"
"O08795","GLU2B_MOUSE","Y","Prkcsh","Glucosidase 2 subunit beta OS=Mus musculus GN=Prkcsh PE=1 SV=1",4,2,4,6,5,272.81,9,"O08795|GLU2B_MOUSE","GLU2B_MOUSE","N","Y"
"O08807","PRDX4_MOUSE","Y","Prdx4","Peroxiredoxin-4 OS=Mus musculus GN=Prdx4 PE=1 SV=1",9,12,12,9,9,264.51,9,"O08807|PRDX4_MOUSE","PRDX4_MOUSE","Y","Y"
"O09043","NAPSA_MOUSE","Y","Napsa","Napsin-A OS=Mus musculus GN=Napsa PE=1 SV=1",3,1,0,1,1,152.75,4,"O09043|NAPSA_MOUSE","NAPSA_MOUSE","Y","Y"
"O35114","SCRB2_MOUSE","Y","Scarb2","Lysosome membrane protein 2 OS=Mus musculus GN=Scarb2 PE=1 SV=3",5,4,2,4,3,130.76,3,"O35114|SCRB2_MOUSE","SCRB2_MOUSE","N","Y"
"O35598","ADA10_MOUSE","Y","Adam10","Disintegrin and metalloproteinase domain-containing protein 10 OS=Mus musculus GN=Adam10 PE=1 SV=2",2,1,2,1,0,135.13,3,"O35598|ADA10_MOUSE","ADA10_MOUSE","Y","Y"
"O35639","ANXA3_MOUSE","N","Anxa3","Annexin A3 OS=Mus musculus GN=Anxa3 PE=1 SV=4",13,7,8,9,12,240.52,11,"O35639|ANXA3_MOUSE","ANXA3_MOUSE","Y","Y"
"O35658","C1QBP_MOUSE","N","C1qbp","Complement component 1 Q subcomponent-binding protein  mitochondrial OS=Mus musculus GN=C1qbp PE=1 SV=1",6,8,5,5,9,259.66,10,"O35658|C1QBP_MOUSE","C1QBP_MOUSE","Y","Y"
"O35887","CALU_MOUSE","Y","Calu","Calumenin OS=Mus musculus GN=Calu PE=1 SV=1",11,10,8,8,16,315.69,12,"O35887|CALU_MOUSE","CALU_MOUSE","Y","Y"
"O54890","ITB3_MOUSE","Y","Itgb3","Integrin beta-3 OS=Mus musculus GN=Itgb3 PE=1 SV=2",9,3,5,3,2,261.21,9,"O54890|ITB3_MOUSE","ITB3_MOUSE","Y","Y"
"O70456","1433S_MOUSE","N","Sfn","14-3-3 protein sigma OS=Mus musculus GN=Sfn PE=1 SV=2",4,5,4,6,8,185.32,3,"O70456|1433S_MOUSE","1433S_MOUSE","Y","Y"
"O70503","DHB12_MOUSE","N","Hsd17b12","Very-long-chain 3-oxoacyl-CoA reductase OS=Mus musculus GN=Hsd17b12 PE=1 SV=1",3,3,3,2,2,161.56,4,"O70503|DHB12_MOUSE","DHB12_MOUSE","Y","Y"
"O88207","CO5A1_MOUSE","Y","Col5a1","Collagen alpha-1(V) chain OS=Mus musculus GN=Col5a1 PE=1 SV=2",6,6,2,6,8,269.22,13,"O88207|CO5A1_MOUSE","CO5A1_MOUSE","Y","Y"
"O88322","NID2_MOUSE","Y","Nid2","Nidogen-2 OS=Mus musculus GN=Nid2 PE=1 SV=2",2,1,2,3,2,157.77,3,"O88322|NID2_MOUSE","NID2_MOUSE","Y","Y"
"O88569","ROA2_MOUSE","N","Hnrnpa2b1","Heterogeneous nuclear ribonucleoproteins A2/B1 OS=Mus musculus GN=Hnrnpa2b1 PE=1 SV=2",15,11,15,10,14,290.24,12,"O88569|ROA2_MOUSE","ROA2_MOUSE","Y","Y"
"O88668","CREG1_MOUSE","Y","Creg1","Protein CREG1 OS=Mus musculus GN=Creg1 PE=1 SV=1",1,2,1,1,2,107.76,4,"O88668|CREG1_MOUSE","CREG1_MOUSE","Y","Y"
"O89023","TPP1_MOUSE","Y","Tpp1","Tripeptidyl-peptidase 1 OS=Mus musculus GN=Tpp1 PE=1 SV=2",2,0,1,1,1,104.6,2,"O89023|TPP1_MOUSE","TPP1_MOUSE","N","Y"
"P01899","HA11_MOUSE","Y","H2-D1","H-2 class I histocompatibility antigen  D-B alpha chain OS=Mus musculus GN=H2-D1 PE=1 SV=2",4,4,2,3,4,137.7,3,"P01899|HA11_MOUSE","HA11_MOUSE","Y","Y"
"P01901","HA1B_MOUSE","Y","H2-K1","H-2 class I histocompatibility antigen  K-B alpha chain OS=Mus musculus GN=H2-K1 PE=1 SV=1",3,3,3,5,3,168.84,2,"P01901|HA1B_MOUSE","HA1B_MOUSE","Y","Y"
"P02468","LAMC1_MOUSE","Y","Lamc1","Laminin subunit gamma-1 OS=Mus musculus GN=Lamc1 PE=1 SV=2",141,251,116,156,181,632.9,186,"P02468|LAMC1_MOUSE","LAMC1_MOUSE","Y","Y"
"P02469","LAMB1_MOUSE","Y","Lamb1","Laminin subunit beta-1 OS=Mus musculus GN=Lamb1 PE=1 SV=3",135,240,101,147,198,687.8,184,"P02469|LAMB1_MOUSE","LAMB1_MOUSE","Y","Y"
"P03958","ADA_MOUSE","N","Ada","Adenosine deaminase OS=Mus musculus GN=Ada PE=1 SV=3",14,7,10,4,8,268.07,15,"P03958|ADA_MOUSE","ADA_MOUSE","Y","Y"
"P05064","ALDOA_MOUSE","N","Aldoa","Fructose-bisphosphate aldolase A OS=Mus musculus GN=Aldoa PE=1 SV=2",22,20,21,23,29,339.64,21,"P05064|ALDOA_MOUSE","ALDOA_MOUSE","Y","Y"
"P07146","TRY2_MOUSE","Y","Prss2","Anionic trypsin-2 OS=Mus musculus GN=Prss2 PE=1 SV=1",2,0,2,4,5,129.5,6,"P07146|TRY2_MOUSE","TRY2_MOUSE","Y","Y"
"P07214","SPRC_MOUSE","Y","Sparc","SPARC OS=Mus musculus GN=Sparc PE=1 SV=1",2,2,1,3,1,145.3,5,"P07214|SPRC_MOUSE","SPRC_MOUSE","Y","Y"
"P07356","ANXA2_MOUSE","N","Anxa2","Annexin A2 OS=Mus musculus GN=Anxa2 PE=1 SV=2",37,37,37,30,40,370.29,40,"P07356|ANXA2_MOUSE","ANXA2_MOUSE","Y","Y"
"P07724","ALBU_MOUSE","Y","Alb","Serum albumin OS=Mus musculus GN=Alb PE=1 SV=3",6,14,6,10,10,276.97,18,"P07724|ALBU_MOUSE","ALBU_MOUSE","Y","Y"
"P07901","HS90A_MOUSE","N","Hsp90aa1","Heat shock protein HSP 90-alpha OS=Mus musculus GN=Hsp90aa1 PE=1 SV=4",45,35,40,36,41,400.02,34,"P07901|HS90A_MOUSE","HS90A_MOUSE","Y","Y"
"P08003","PDIA4_MOUSE","Y","Pdia4","Protein disulfide-isomerase A4 OS=Mus musculus GN=Pdia4 PE=1 SV=3",14,17,14,13,21,333.39,24,"P08003|PDIA4_MOUSE","PDIA4_MOUSE","Y","Y"
"P08113","ENPL_MOUSE","Y","Hsp90b1","Endoplasmin OS=Mus musculus GN=Hsp90b1 PE=1 SV=2",50,48,48,51,43,410.47,48,"P08113|ENPL_MOUSE","ENPL_MOUSE","Y","Y"
"P08121","CO3A1_MOUSE","Y","Col3a1","Collagen alpha-1(III) chain OS=Mus musculus GN=Col3a1 PE=1 SV=4",10,14,1,7,12,314.98,18,"P08121|CO3A1_MOUSE","CO3A1_MOUSE","Y","Y"
"P08122","CO4A2_MOUSE","Y","Col4a2","Collagen alpha-2(IV) chain OS=Mus musculus GN=Col4a2 PE=1 SV=4",1,1,2,3,2,144.63,5,"P08122|CO4A2_MOUSE","CO4A2_MOUSE","Y","Y"
"P08207","S10AA_MOUSE","N","S100a10","Protein S100-A10 OS=Mus musculus GN=S100a10 PE=1 SV=2",3,3,0,5,3,149.17,5,"P08207|S10AA_MOUSE","S10AA_MOUSE","Y","Y"
"P08228","SODC_MOUSE","N","Sod1","Superoxide dismutase [Cu-Zn] OS=Mus musculus GN=Sod1 PE=1 SV=2",9,9,8,5,7,225.98,7,"P08228|SODC_MOUSE","SODC_MOUSE","Y","Y"
"P09055","ITB1_MOUSE","Y","Itgb1","Integrin beta-1 OS=Mus musculus GN=Itgb1 PE=1 SV=1",19,14,17,14,17,335.38,20,"P09055|ITB1_MOUSE","ITB1_MOUSE","N","Y"
"P09411","PGK1_MOUSE","N","Pgk1","Phosphoglycerate kinase 1 OS=Mus musculus GN=Pgk1 PE=1 SV=4",19,14,16,12,16,315.61,19,"P09411|PGK1_MOUSE","PGK1_MOUSE","Y","Y"
"P09528","FRIH_MOUSE","N","Fth1","Ferritin heavy chain OS=Mus musculus GN=Fth1 PE=1 SV=2",1,1,2,0,1,59.47,2,"P09528|FRIH_MOUSE","FRIH_MOUSE","Y","Y"
"P09535","IGF2_MOUSE","Y","Igf2","Insulin-like growth factor II OS=Mus musculus GN=Igf2 PE=1 SV=1",1,1,0,1,1,119.52,2,"P09535|IGF2_MOUSE","IGF2_MOUSE","Y","Y"
"P10107","ANXA1_MOUSE","N","Anxa1","Annexin A1 OS=Mus musculus GN=Anxa1 PE=1 SV=2",26,24,17,19,24,341.74,23,"P10107|ANXA1_MOUSE","ANXA1_MOUSE","Y","Y"
"P10493","NID1_MOUSE","Y","Nid1","Nidogen-1 OS=Mus musculus GN=Nid1 PE=1 SV=2",64,88,36,46,54,457.82,70,"P10493|NID1_MOUSE","NID1_MOUSE","Y","Y"
"P10518","HEM2_MOUSE","N","Alad","Delta-aminolevulinic acid dehydratase OS=Mus musculus GN=Alad PE=1 SV=1",3,4,3,3,2,190.92,5,"P10518|HEM2_MOUSE","HEM2_MOUSE","Y","Y"
"P10605","CATB_MOUSE","Y","Ctsb","Cathepsin B OS=Mus musculus GN=Ctsb PE=1 SV=2",24,12,17,12,15,326.94,24,"P10605|CATB_MOUSE","CATB_MOUSE","Y","Y"
"P10649","GSTM1_MOUSE","N","Gstm1","Glutathione S-transferase Mu 1 OS=Mus musculus GN=Gstm1 PE=1 SV=2",2,1,3,1,1,119.88,3,"P10649|GSTM1_MOUSE","GSTM1_MOUSE","Y","Y"
"P10853","H2B1F_MOUSE","N","Hist1h2bf","Histone H2B type 1-F/J/L OS=Mus musculus GN=Hist1h2bf PE=1 SV=2",27,22,16,23,26,180.74,11,"P10853|H2B1F_MOUSE","H2B1F_MOUSE","Y","Y"
"P11087","CO1A1_MOUSE","Y","Col1a1","Collagen alpha-1(I) chain OS=Mus musculus GN=Col1a1 PE=1 SV=4",30,39,11,25,30,461.16,46,"P11087|CO1A1_MOUSE","CO1A1_MOUSE","Y","Y"
"P11276","FINC_MOUSE","Y","Fn1","Fibronectin OS=Mus musculus GN=Fn1 PE=1 SV=4",1,5,3,0,1,208.87,9,"P11276|FINC_MOUSE","FINC_MOUSE","Y","Y"
"P11404","FABPH_MOUSE","N","Fabp3","Fatty acid-binding protein  heart OS=Mus musculus GN=Fabp3 PE=1 SV=5",1,0,1,3,2,91.53,2,"P11404|FABPH_MOUSE","FABPH_MOUSE","Y","Y"
"P11438","LAMP1_MOUSE","Y","Lamp1","Lysosome-associated membrane glycoprotein 1 OS=Mus musculus GN=Lamp1 PE=1 SV=2",0,1,2,1,1,67.94,2,"P11438|LAMP1_MOUSE","LAMP1_MOUSE","N","Y"
"P11499","HS90B_MOUSE","N","Hsp90ab1","Heat shock protein HSP 90-beta OS=Mus musculus GN=Hsp90ab1 PE=1 SV=3",54,35,44,53,50,410.51,36,"P11499|HS90B_MOUSE","HS90B_MOUSE","Y","Y"
"P13020","GELS_MOUSE","Y","Gsn","Gelsolin OS=Mus musculus GN=Gsn PE=1 SV=3",23,10,15,18,21,383.47,32,"P13020|GELS_MOUSE","GELS_MOUSE","Y","Y"
"P14069","S10A6_MOUSE","N","S100a6","Protein S100-A6 OS=Mus musculus GN=S100a6 PE=1 SV=3",6,0,2,4,5,188.27,9,"P14069|S10A6_MOUSE","S10A6_MOUSE","Y","Y"
"P14206","RSSA_MOUSE","N","Rpsa","40S ribosomal protein SA OS=Mus musculus GN=Rpsa PE=1 SV=4",11,7,8,9,9,280.76,16,"P14206|RSSA_MOUSE","RSSA_MOUSE","Y","Y"
"P14211","CALR_MOUSE","Y","Calr","Calreticulin OS=Mus musculus GN=Calr PE=1 SV=1",45,43,50,45,51,432.16,48,"P14211|CALR_MOUSE","CALR_MOUSE","Y","Y"
"P14824","ANXA6_MOUSE","N","Anxa6","Annexin A6 OS=Mus musculus GN=Anxa6 PE=1 SV=3",22,19,17,20,21,343.5,28,"P14824|ANXA6_MOUSE","ANXA6_MOUSE","Y","Y"
"P16045","LEG1_MOUSE","N","Lgals1","Galectin-1 OS=Mus musculus GN=Lgals1 PE=1 SV=3",21,14,9,10,17,272.41,18,"P16045|LEG1_MOUSE","LEG1_MOUSE","Y","Y"
"P16110","LEG3_MOUSE","N","Lgals3","Galectin-3 OS=Mus musculus GN=Lgals3 PE=1 SV=3",12,5,9,7,12,206.5,11,"P16110|LEG3_MOUSE","LEG3_MOUSE","Y","Y"
"P16675","PPGB_MOUSE","Y","Ctsa","Lysosomal protective protein OS=Mus musculus GN=Ctsa PE=1 SV=1",2,2,3,1,2,141.81,3,"P16675|PPGB_MOUSE","PPGB_MOUSE","N","Y"
"P17047","LAMP2_MOUSE","Y","Lamp2","Lysosome-associated membrane glycoprotein 2 OS=Mus musculus GN=Lamp2 PE=1 SV=2",2,1,2,1,1,83.37,2,"P17047|LAMP2_MOUSE","LAMP2_MOUSE","Y","Y"
"P17742","PPIA_MOUSE","N","Ppia","Peptidyl-prolyl cis-trans isomerase A OS=Mus musculus GN=Ppia PE=1 SV=2",23,19,7,11,19,301.31,21,"P17742|PPIA_MOUSE","PPIA_MOUSE","Y","Y"
"P18242","CATD_MOUSE","Y","Ctsd","Cathepsin D OS=Mus musculus GN=Ctsd PE=1 SV=1",13,10,9,7,10,310.04,17,"P18242|CATD_MOUSE","CATD_MOUSE","Y","Y"
"P18760","COF1_MOUSE","N","Cfl1","Cofilin-1 OS=Mus musculus GN=Cfl1 PE=1 SV=3",20,17,19,17,28,323.22,16,"P18760|COF1_MOUSE","COF1_MOUSE","Y","Y"
"P19137","LAMA1_MOUSE","Y","Lama1","Laminin subunit alpha-1 OS=Mus musculus GN=Lama1 PE=1 SV=1",135,273,118,137,178,712.67,217,"P19137|LAMA1_MOUSE","LAMA1_MOUSE","Y","Y"
"P19324","SERPH_MOUSE","Y","Serpinh1","Serpin H1 OS=Mus musculus GN=Serpinh1 PE=1 SV=3",42,37,33,40,37,404.03,46,"P19324|SERPH_MOUSE","SERPH_MOUSE","Y","Y"
"P20029","BIP_MOUSE","Y","Hspa5","78 kDa glucose-regulated protein OS=Mus musculus GN=Hspa5 PE=1 SV=3",63,89,61,58,76,428.4,55,"P20029|GRP78_MOUSE","GRP78_MOUSE","Y","Y"
"P20918","PLMN_MOUSE","Y","Plg","Plasminogen OS=Mus musculus GN=Plg PE=1 SV=3",1,1,1,2,1,85.34,2,"P20918|PLMN_MOUSE","PLMN_MOUSE","Y","Y"
"P21956","MFGM_MOUSE","Y","Mfge8","Lactadherin OS=Mus musculus GN=Mfge8 PE=1 SV=3",7,5,2,2,7,239.47,8,"P21956|MFGM_MOUSE","MFGM_MOUSE","Y","Y"
"P21981","TGM2_MOUSE","N","Tgm2","Protein-glutamine gamma-glutamyltransferase 2 OS=Mus musculus GN=Tgm2 PE=1 SV=4",28,40,37,37,47,413.08,49,"P21981|TGM2_MOUSE","TGM2_MOUSE","Y","Y"
"P22777","PAI1_MOUSE","Y","Serpine1","Plasminogen activator inhibitor 1 OS=Mus musculus GN=Serpine1 PE=1 SV=1",2,1,2,3,1,112.51,4,"P22777|PAI1_MOUSE","PAI1_MOUSE","Y","Y"
"P23492","PNPH_MOUSE","N","Pnp","Purine nucleoside phosphorylase OS=Mus musculus GN=Pnp PE=1 SV=2",7,5,8,4,4,238.01,11,"P23492|PNPH_MOUSE","PNPH_MOUSE","Y","Y"
"P23780","BGAL_MOUSE","Y","Glb1","Beta-galactosidase OS=Mus musculus GN=Glb1 PE=1 SV=1",1,3,1,1,1,87.64,3,"P23780|BGAL_MOUSE","BGAL_MOUSE","Y","Y"
"P24270","CATA_MOUSE","N","Cat","Catalase OS=Mus musculus GN=Cat PE=1 SV=4",5,0,2,5,4,175.55,7,"P24270|CATA_MOUSE","CATA_MOUSE","Y","Y"
"P24452","CAPG_MOUSE","N","Capg","Macrophage-capping protein OS=Mus musculus GN=Capg PE=1 SV=2",6,6,5,5,6,231.13,10,"P24452|CAPG_MOUSE","CAPG_MOUSE","N","N"
"P24668","MPRD_MOUSE","Y","M6pr","Cation-dependent mannose-6-phosphate receptor OS=Mus musculus GN=M6pr PE=1 SV=1",3,1,4,0,1,165.87,3,"P24668|MPRD_MOUSE","MPRD_MOUSE","N","Y"
"P27046","MA2A1_MOUSE","N","Man2a1","Alpha-mannosidase 2 OS=Mus musculus GN=Man2a1 PE=1 SV=2",8,4,4,4,2,235.23,14,"P27046|MA2A1_MOUSE","MA2A1_MOUSE","Y","Y"
"P27612","PLAP_MOUSE","N","Plaa","Phospholipase A-2-activating protein OS=Mus musculus GN=Plaa PE=1 SV=4",1,1,1,2,1,133.68,2,"P27612|PLAP_MOUSE","PLAP_MOUSE","Y","Y"
"P27773","PDIA3_MOUSE","Y","Pdia3","Protein disulfide-isomerase A3 OS=Mus musculus GN=Pdia3 PE=1 SV=2",39,38,29,39,43,379.04,45,"P27773|PDIA3_MOUSE","PDIA3_MOUSE","Y","Y"
"P28798","GRN_MOUSE","Y","Grn","Granulins OS=Mus musculus GN=Grn PE=1 SV=2",11,6,5,5,6,250.25,9,"P28798|GRN_MOUSE","GRN_MOUSE","Y","Y"
"P29391","FRIL1_MOUSE","N","Ftl1","Ferritin light chain 1 OS=Mus musculus GN=Ftl1 PE=1 SV=2",3,5,4,6,6,191.23,4,"P29391|FRIL1_MOUSE","FRIL1_MOUSE","Y","Y"
"P29699","FETUA_MOUSE","Y","Ahsg","Alpha-2-HS-glycoprotein OS=Mus musculus GN=Ahsg PE=1 SV=1",3,6,1,2,2,181.81,4,"P29699|FETUA_MOUSE","FETUA_MOUSE","Y","Y"
"P29788","VTNC_MOUSE","Y","Vtn","Vitronectin OS=Mus musculus GN=Vtn PE=1 SV=2",3,5,4,2,3,205,5,"P29788|VTNC_MOUSE","VTNC_MOUSE","Y","Y"
"P30681","HMGB2_MOUSE","N","Hmgb2","High mobility group protein B2 OS=Mus musculus GN=Hmgb2 PE=1 SV=3",2,1,1,1,2,136.3,3,"P30681|HMGB2_MOUSE","HMGB2_MOUSE","Y","Y"
"P31230","AIMP1_MOUSE","N","Aimp1","Aminoacyl tRNA synthase complex-interacting multifunctional protein 1 OS=Mus musculus GN=Aimp1 PE=1 SV=2",3,2,0,4,4,187.9,7,"P31230|AIMP1_MOUSE","AIMP1_MOUSE","Y","Y"
"P31786","ACBP_MOUSE","N","Dbi","Acyl-CoA-binding protein OS=Mus musculus GN=Dbi PE=1 SV=2",4,4,2,3,2,172.72,5,"P31786|ACBP_MOUSE","ACBP_MOUSE","Y","Y"
"P34884","MIF_MOUSE","N","Mif","Macrophage migration inhibitory factor OS=Mus musculus GN=Mif PE=1 SV=2",4,4,0,6,10,183.86,6,"P34884|MIF_MOUSE","MIF_MOUSE","Y","Y"
"P35762","CD81_MOUSE","N","Cd81","CD81 antigen OS=Mus musculus GN=Cd81 PE=1 SV=2",1,0,1,2,1,105.43,2,"P35762|CD81_MOUSE","CD81_MOUSE","Y","Y"
"P40124","CAP1_MOUSE","N","Cap1","Adenylyl cyclase-associated protein 1 OS=Mus musculus GN=Cap1 PE=1 SV=4",22,19,22,14,23,310.9,21,"P40124|CAP1_MOUSE","CAP1_MOUSE","Y","Y"
"P40240","CD9_MOUSE","N","Cd9","CD9 antigen OS=Mus musculus GN=Cd9 PE=1 SV=2",1,1,2,2,1,124.12,2,"P40240|CD9_MOUSE","CD9_MOUSE","Y","Y"
"P43406","ITAV_MOUSE","Y","Itgav","Integrin alpha-V OS=Mus musculus GN=Itgav PE=1 SV=2",10,3,4,7,6,260.74,16,"P43406|ITAV_MOUSE","ITAV_MOUSE","Y","Y"
"P48036","ANXA5_MOUSE","N","Anxa5","Annexin A5 OS=Mus musculus GN=Anxa5 PE=1 SV=1",25,28,20,18,19,366.11,33,"P48036|ANXA5_MOUSE","ANXA5_MOUSE","Y","Y"
"P50543","S10AB_MOUSE","N","S100a11","Protein S100-A11 OS=Mus musculus GN=S100a11 PE=1 SV=1",14,19,15,10,13,226.99,9,"P50543|S10AB_MOUSE","S10AB_MOUSE","Y","Y"
"P51859","HDGF_MOUSE","N","Hdgf","Hepatoma-derived growth factor OS=Mus musculus GN=Hdgf PE=1 SV=2",2,3,0,1,4,197.91,4,"P51859|HDGF_MOUSE","HDGF_MOUSE","Y","Y"
"P52480","KPYM_MOUSE","N","Pkm","Pyruvate kinase PKM OS=Mus musculus GN=Pkm PE=1 SV=4",47,48,43,42,41,416.41,50,"P52480|KPYM_MOUSE","KPYM_MOUSE","Y","Y"
"P52875","TM165_MOUSE","Y","Tmem165","Transmembrane protein 165 OS=Mus musculus GN=Tmem165 PE=1 SV=2",1,0,1,1,1,179.94,3,"P52875|TM165_MOUSE","TM165_MOUSE","N","Y"
"P55302","AMRP_MOUSE","Y","Lrpap1","Alpha-2-macroglobulin receptor-associated protein OS=Mus musculus GN=Lrpap1 PE=1 SV=1",1,2,1,1,0,73.8,2,"P55302|AMRP_MOUSE","AMRP_MOUSE","N","Y"
"P57716","NICA_MOUSE","Y","Ncstn","Nicastrin OS=Mus musculus GN=Ncstn PE=1 SV=3",4,2,4,1,1,150.67,6,"P57716|NICA_MOUSE","NICA_MOUSE","N","Y"
"P57759","ERP29_MOUSE","Y","Erp29","Endoplasmic reticulum resident protein 29 OS=Mus musculus GN=Erp29 PE=1 SV=2",5,3,4,1,2,173.71,6,"P57759|ERP29_MOUSE","ERP29_MOUSE","N","Y"
"P58021","TM9S2_MOUSE","Y","Tm9sf2","Transmembrane 9 superfamily member 2 OS=Mus musculus GN=Tm9sf2 PE=1 SV=1",2,2,6,1,1,172.59,7,"P58021|TM9S2_MOUSE","TM9S2_MOUSE","N","Y"
"P62862","RS30_MOUSE","N","Fau","40S ribosomal protein S30 OS=Mus musculus GN=Fau PE=1 SV=1",1,1,1,0,2,76.09,2,"P62862|RS30_MOUSE","RS30_MOUSE","Y","Y"
"P62960","YBOX1_MOUSE","N","Ybx1","Nuclease-sensitive element-binding protein 1 OS=Mus musculus GN=Ybx1 PE=1 SV=3",9,6,8,5,6,257.33,6,"P62960|YBOX1_MOUSE","YBOX1_MOUSE","Y","Y"
"P62962","PROF1_MOUSE","N","Pfn1","Profilin-1 OS=Mus musculus GN=Pfn1 PE=1 SV=2",13,12,10,14,12,254.66,13,"P62962|PROF1_MOUSE","PROF1_MOUSE","Y","Y"
"P63017","HSP7C_MOUSE","N","Hspa8","Heat shock cognate 71 kDa protein OS=Mus musculus GN=Hspa8 PE=1 SV=1",82,80,60,69,77,415.74,42,"P63017|HSP7C_MOUSE","HSP7C_MOUSE","Y","Y"
"P63028","TCTP_MOUSE","N","Tpt1","Translationally-controlled tumor protein OS=Mus musculus GN=Tpt1 PE=1 SV=1",8,4,4,8,8,246.32,7,"P63028|TCTP_MOUSE","TCTP_MOUSE","Y","Y"
"P63038","CH60_MOUSE","N","Hspd1","60 kDa heat shock protein  mitochondrial OS=Mus musculus GN=Hspd1 PE=1 SV=1",33,41,35,36,42,392.22,35,"P63038|CH60_MOUSE","CH60_MOUSE","Y","Y"
"P63158","HMGB1_MOUSE","N","Hmgb1","High mobility group protein B1 OS=Mus musculus GN=Hmgb1 PE=1 SV=2",7,4,7,3,6,241.79,9,"P63158|HMGB1_MOUSE","HMGB1_MOUSE","Y","Y"
"P70202","LXN_MOUSE","N","Lxn","Latexin OS=Mus musculus GN=Lxn PE=1 SV=2",1,1,1,1,0,105.54,2,"P70202|LXN_MOUSE","LXN_MOUSE","Y","Y"
"P70296","PEBP1_MOUSE","N","Pebp1","Phosphatidylethanolamine-binding protein 1 OS=Mus musculus GN=Pebp1 PE=1 SV=3",6,5,0,4,7,262.01,9,"P70296|PEBP1_MOUSE","PEBP1_MOUSE","Y","Y"
"P70441","NHRF1_MOUSE","N","Slc9a3r1","Na(+)/H(+) exchange regulatory cofactor NHE-RF1 OS=Mus musculus GN=Slc9a3r1 PE=1 SV=3",1,1,1,1,1,122.49,4,"P70441|NHRF1_MOUSE","NHRF1_MOUSE","Y","Y"
"P81117","NUCB2_MOUSE","Y","Nucb2","Nucleobindin-2 OS=Mus musculus GN=Nucb2 PE=1 SV=2",4,4,0,1,3,162.76,7,"P81117|NUCB2_MOUSE","NUCB2_MOUSE","Y","Y"
"P82198","BGH3_MOUSE","Y","Tgfbi","Transforming growth factor-beta-induced protein ig-h3 OS=Mus musculus GN=Tgfbi PE=1 SV=1",2,3,0,2,1,116.13,2,"P82198|BGH3_MOUSE","BGH3_MOUSE","Y","Y"
"P97384","ANX11_MOUSE","N","Anxa11","Annexin A11 OS=Mus musculus GN=Anxa11 PE=1 SV=2",9,5,9,4,7,232.52,9,"P97384|ANX11_MOUSE","ANX11_MOUSE","Y","Y"
"P97429","ANXA4_MOUSE","N","Anxa4","Annexin A4 OS=Mus musculus GN=Anxa4 PE=1 SV=4",9,6,9,6,8,234.63,12,"P97429|ANXA4_MOUSE","ANXA4_MOUSE","Y","Y"
"P97449","AMPN_MOUSE","N","Anpep","Aminopeptidase N OS=Mus musculus GN=Anpep PE=1 SV=4",3,0,3,5,2,200.34,8,"P97449|AMPN_MOUSE","AMPN_MOUSE","Y","Y"
"Q00519","XDH_MOUSE","N","Xdh","Xanthine dehydrogenase/oxidase OS=Mus musculus GN=Xdh PE=1 SV=5",4,2,2,2,3,176.8,6,"Q00519|XDH_MOUSE","XDH_MOUSE","Y","Y"
"Q01149","CO1A2_MOUSE","Y","Col1a2","Collagen alpha-2(I) chain OS=Mus musculus GN=Col1a2 PE=1 SV=2",10,19,3,11,11,349.97,21,"Q01149|CO1A2_MOUSE","CO1A2_MOUSE","Y","Y"
"Q02013","AQP1_MOUSE","N","Aqp1","Aquaporin-1 OS=Mus musculus GN=Aqp1 PE=1 SV=3",2,3,3,2,2,145.7,2,"Q02013|AQP1_MOUSE","AQP1_MOUSE","Y","Y"
"Q02788","CO6A2_MOUSE","Y","Col6a2","Collagen alpha-2(VI) chain OS=Mus musculus GN=Col6a2 PE=1 SV=3",3,3,0,3,4,179.77,7,"Q02788|CO6A2_MOUSE","CO6A2_MOUSE","Y","Y"
"Q02819","NUCB1_MOUSE","Y","Nucb1","Nucleobindin-1 OS=Mus musculus GN=Nucb1 PE=1 SV=2",4,8,1,2,4,209.11,9,"Q02819|NUCB1_MOUSE","NUCB1_MOUSE","Y","Y"
"Q04447","KCRB_MOUSE","N","Ckb","Creatine kinase B-type OS=Mus musculus GN=Ckb PE=1 SV=1",13,15,9,8,19,339.95,22,"Q04447|KCRB_MOUSE","KCRB_MOUSE","Y","Y"
"Q04857","CO6A1_MOUSE","Y","Col6a1","Collagen alpha-1(VI) chain OS=Mus musculus GN=Col6a1 PE=1 SV=1",7,2,1,6,5,239.97,10,"Q04857|CO6A1_MOUSE","CO6A1_MOUSE","Y","Y"
"Q05793","PGBM_MOUSE","Y","Hspg2","Basement membrane-specific heparan sulfate proteoglycan core protein OS=Mus musculus GN=Hspg2 PE=1 SV=1",15,9,8,11,5,355.71,23,"Q05793|PGBM_MOUSE","PGBM_MOUSE","Y","Y"
"Q05816","FABP5_MOUSE","N","Fabp5","Fatty acid-binding protein  epidermal OS=Mus musculus GN=Fabp5 PE=1 SV=3",10,9,10,6,10,276.37,9,"Q05816|FABP5_MOUSE","FABP5_MOUSE","Y","Y"
"Q07076","ANXA7_MOUSE","N","Anxa7","Annexin A7 OS=Mus musculus GN=Anxa7 PE=1 SV=2",8,4,1,2,2,193.11,9,"Q07076|ANXA7_MOUSE","ANXA7_MOUSE","Y","Y"
"Q07113","MPRI_MOUSE","Y","Igf2r","Cation-independent mannose-6-phosphate receptor OS=Mus musculus GN=Igf2r PE=1 SV=1",16,8,4,8,8,326.88,23,"Q07113|MPRI_MOUSE","MPRI_MOUSE","Y","Y"
"Q07797","LG3BP_MOUSE","Y","Lgals3bp","Galectin-3-binding protein OS=Mus musculus GN=Lgals3bp PE=1 SV=1",6,6,8,6,6,244,11,"Q07797|LG3BP_MOUSE","LG3BP_MOUSE","Y","Y"
"Q60648","SAP3_MOUSE","Y","Gm2a","Ganglioside GM2 activator OS=Mus musculus GN=Gm2a PE=1 SV=2",1,2,0,3,4,140.16,4,"Q60648|SAP3_MOUSE","SAP3_MOUSE","N","Y"
"Q60675","LAMA2_MOUSE","Y","Lama2","Laminin subunit alpha-2 OS=Mus musculus GN=Lama2 PE=1 SV=2",2,1,1,1,1,104.39,2,"Q60675|LAMA2_MOUSE","LAMA2_MOUSE","Y","Y"
"Q61001","LAMA5_MOUSE","Y","Lama5","Laminin subunit alpha-5 OS=Mus musculus GN=Lama5 PE=1 SV=4",11,13,7,19,9,343.6,23,"Q61001|LAMA5_MOUSE","LAMA5_MOUSE","Y","Y"
"Q61207","SAP_MOUSE","Y","Psap","Prosaposin OS=Mus musculus GN=Psap PE=1 SV=2",10,16,4,9,18,259.1,16,"Q61207|SAP_MOUSE","SAP_MOUSE","Y","Y"
"Q61233","PLSL_MOUSE","N","Lcp1","Plastin-2 OS=Mus musculus GN=Lcp1 PE=1 SV=4",15,12,13,8,10,319.37,20,"Q61233|PLSL_MOUSE","PLSL_MOUSE","Y","Y"
"Q61292","LAMB2_MOUSE","Y","Lamb2","Laminin subunit beta-2 OS=Mus musculus GN=Lamb2 PE=1 SV=2",14,23,7,29,14,372.91,35,"Q61292|LAMB2_MOUSE","LAMB2_MOUSE","Y","Y"
"Q61316","HSP74_MOUSE","N","Hspa4","Heat shock 70 kDa protein 4 OS=Mus musculus GN=Hspa4 PE=1 SV=1",22,15,15,11,12,368,25,"Q61316|HSP74_MOUSE","HSP74_MOUSE","Y","Y"
"Q61543","GSLG1_MOUSE","Y","Glg1","Golgi apparatus protein 1 OS=Mus musculus GN=Glg1 PE=1 SV=1",2,4,2,4,2,200.13,6,"Q61543|GSLG1_MOUSE","GSLG1_MOUSE","Y","Y"
"Q61553","FSCN1_MOUSE","N","Fscn1","Fascin OS=Mus musculus GN=Fscn1 PE=1 SV=4",14,8,11,8,11,301.91,18,"Q61553|FSCN1_MOUSE","FSCN1_MOUSE","Y","Y"
"Q61554","FBN1_MOUSE","Y","Fbn1","Fibrillin-1 OS=Mus musculus GN=Fbn1 PE=1 SV=2",38,25,24,7,12,393.02,35,"Q61554|FBN1_MOUSE","FBN1_MOUSE","Y","Y"
"Q61699","HS105_MOUSE","N","Hsph1","Heat shock protein 105 kDa OS=Mus musculus GN=Hsph1 PE=1 SV=2",7,3,4,4,4,241.74,12,"Q61699|HS105_MOUSE","HS105_MOUSE","Y","Y"
"Q61735","CD47_MOUSE","Y","Cd47","Leukocyte surface antigen CD47 OS=Mus musculus GN=Cd47 PE=1 SV=2",1,0,1,1,2,106.78,3,"Q61735|CD47_MOUSE","CD47_MOUSE","Y","Y"
"Q62188","DPYL3_MOUSE","N","Dpysl3","Dihydropyrimidinase-related protein 3 OS=Mus musculus GN=Dpysl3 PE=1 SV=1",5,3,1,5,4,216.97,6,"Q62188|DPYL3_MOUSE","DPYL3_MOUSE","Y","Y"
"Q62426","CYTB_MOUSE","N","Cstb","Cystatin-B OS=Mus musculus GN=Cstb PE=1 SV=1",4,5,6,6,7,187.72,6,"Q62426|CYTB_MOUSE","CYTB_MOUSE","Y","Y"
"Q64339","ISG15_MOUSE","N","Isg15","Ubiquitin-like protein ISG15 OS=Mus musculus GN=Isg15 PE=1 SV=4",2,2,0,2,5,177.87,6,"Q64339|ISG15_MOUSE","ISG15_MOUSE","Y","Y"
"Q64695","EPCR_MOUSE","Y","Procr","Endothelial protein C receptor OS=Mus musculus GN=Procr PE=1 SV=3",0,1,2,1,1,93.12,2,"Q64695|EPCR_MOUSE","EPCR_MOUSE","Y","Y"
"Q6P069","SORCN_MOUSE","N","Sri","Sorcin OS=Mus musculus GN=Sri PE=1 SV=1",5,2,2,4,4,162.45,5,"Q6P069|SORCN_MOUSE","SORCN_MOUSE","Y","Y"
"Q6ZWY9","H2B1C_MOUSE","N","Hist1h2bc","Histone H2B type 1-C/E/G OS=Mus musculus GN=Hist1h2bc PE=1 SV=3",27,22,16,23,26,180.74,11,"Q6ZWY9|H2B1C_MOUSE","H2B1C_MOUSE","Y","Y"
"Q8BP92","RCN2_MOUSE","Y","Rcn2","Reticulocalbin-2 OS=Mus musculus GN=Rcn2 PE=1 SV=1",3,4,2,4,3,206.96,6,"Q8BP92|RCN2_MOUSE","RCN2_MOUSE","N","Y"
"Q8C522","ENDD1_MOUSE","Y","Endod1","Endonuclease domain-containing 1 protein OS=Mus musculus GN=Endod1 PE=1 SV=2",0,1,2,1,1,118.93,2,"Q8C522|ENDD1_MOUSE","ENDD1_MOUSE","Y","Y"
"Q8CGP1","H2B1K_MOUSE","N","Hist1h2bk","Histone H2B type 1-K OS=Mus musculus GN=Hist1h2bk PE=1 SV=3",27,22,16,23,26,180.74,11,"Q8CGP1|H2B1K_MOUSE","H2B1K_MOUSE","Y","Y"
"Q8CIE6","COPA_MOUSE","N","Copa","Coatomer subunit alpha OS=Mus musculus GN=Copa PE=1 SV=2",23,15,15,21,15,324.11,34,"Q8CIE6|COPA_MOUSE","COPA_MOUSE","Y","Y"
"Q8K4Z3","NNRE_MOUSE","Y","Naxe","NAD(P)H-hydrate epimerase OS=Mus musculus GN=Naxe PE=1 SV=1",3,1,3,1,2,181.98,5,"Q8K4Z3|NNRE_MOUSE","NNRE_MOUSE","Y","Y"
"Q8VCT3","AMPB_MOUSE","N","Rnpep","Aminopeptidase B OS=Mus musculus GN=Rnpep PE=1 SV=2",2,2,0,2,3,186.86,6,"Q8VCT3|AMPB_MOUSE","AMPB_MOUSE","Y","Y"
"Q8VDJ3","VIGLN_MOUSE","N","Hdlbp","Vigilin OS=Mus musculus GN=Hdlbp PE=1 SV=1",9,8,8,7,7,286.27,17,"Q8VDJ3|VIGLN_MOUSE","VIGLN_MOUSE","N","N"
"Q91VI7","RINI_MOUSE","N","Rnh1","Ribonuclease inhibitor OS=Mus musculus GN=Rnh1 PE=1 SV=1",16,13,15,13,15,353.81,23,"Q91VI7|RINI_MOUSE","RINI_MOUSE","N","N"
"Q91WN1","DNJC9_MOUSE","N","Dnajc9","DnaJ homolog subfamily C member 9 OS=Mus musculus GN=Dnajc9 PE=1 SV=2",2,0,1,2,1,96.61,2,"Q91WN1|DNJC9_MOUSE","DNJC9_MOUSE","Y","Y"
"Q922R8","PDIA6_MOUSE","Y","Pdia6","Protein disulfide-isomerase A6 OS=Mus musculus GN=Pdia6 PE=1 SV=3",21,27,16,17,24,363.5,20,"Q922R8|PDIA6_MOUSE","PDIA6_MOUSE","Y","Y"
"Q99JR5","TINAL_MOUSE","Y","Tinagl1","Tubulointerstitial nephritis antigen-like OS=Mus musculus GN=Tinagl1 PE=1 SV=1",8,2,3,4,2,229.05,9,"Q99JR5|TINAL_MOUSE","TINAL_MOUSE","Y","Y"
"Q99KC8","VMA5A_MOUSE","N","Vwa5a","von Willebrand factor A domain-containing protein 5A OS=Mus musculus GN=Vwa5a PE=1 SV=2",4,2,1,3,1,195.38,8,"Q99KC8|VMA5A_MOUSE","VMA5A_MOUSE","Y","Y"
"Q99KQ4","NAMPT_MOUSE","N","Nampt","Nicotinamide phosphoribosyltransferase OS=Mus musculus GN=Nampt PE=1 SV=1",10,9,9,6,11,284.02,16,"Q99KQ4|NAMPT_MOUSE","NAMPT_MOUSE","Y","Y"
"Q99KV1","DJB11_MOUSE","Y","Dnajb11","DnaJ homolog subfamily B member 11 OS=Mus musculus GN=Dnajb11 PE=1 SV=1",3,2,3,4,6,197.74,6,"Q99KV1|DJB11_MOUSE","DJB11_MOUSE","Y","Y"
"Q99MN1","SYK_MOUSE","N","Kars","Lysine--tRNA ligase OS=Mus musculus GN=Kars PE=1 SV=1",3,1,3,4,2,157.82,6,"Q99MN1|SYK_MOUSE","SYK_MOUSE","Y","Y"
"Q99PT1","GDIR1_MOUSE","N","Arhgdia","Rho GDP-dissociation inhibitor 1 OS=Mus musculus GN=Arhgdia PE=1 SV=3",12,14,12,12,15,274.28,13,"Q99PT1|GDIR1_MOUSE","GDIR1_MOUSE","Y","Y"
"Q9CPT4","MYDGF_MOUSE","Y","Mydgf","Myeloid-derived growth factor OS=Mus musculus GN=Mydgf PE=1 SV=1",2,3,0,1,1,122.76,2,"Q9CPT4|MYDGF_MOUSE","MYDGF_MOUSE","Y","Y"
"Q9CQF9","PCYOX_MOUSE","Y","Pcyox1","Prenylcysteine oxidase OS=Mus musculus GN=Pcyox1 PE=1 SV=1",2,3,1,1,2,130.94,2,"Q9CQF9|PCYOX_MOUSE","PCYOX_MOUSE","N","Y"
"Q9CXI5","MANF_MOUSE","Y","Manf","Mesencephalic astrocyte-derived neurotrophic factor OS=Mus musculus GN=Manf PE=1 SV=1",2,3,3,4,7,168.61,8,"Q9CXI5|MANF_MOUSE","MANF_MOUSE","Y","Y"
"Q9CYA0","CREL2_MOUSE","Y","Creld2","Cysteine-rich with EGF-like domain protein 2 OS=Mus musculus GN=Creld2 PE=1 SV=1",2,1,1,1,1,127.12,3,"Q9CYA0|CREL2_MOUSE","CREL2_MOUSE","Y","Y"
"Q9CYD3","CRTAP_MOUSE","Y","Crtap","Cartilage-associated protein OS=Mus musculus GN=Crtap PE=1 SV=3",2,1,1,1,2,143.99,4,"Q9CYD3|CRTAP_MOUSE","CRTAP_MOUSE","Y","Y"
"Q9CZD3","GARS_MOUSE","N","Gars","Glycine--tRNA ligase OS=Mus musculus GN=Gars PE=1 SV=1",8,4,6,7,10,264.08,15,"Q9CZD3|GARS_MOUSE","GARS_MOUSE","Y","Y"
"Q9D0E1","HNRPM_MOUSE","N","Hnrnpm","Heterogeneous nuclear ribonucleoprotein M OS=Mus musculus GN=Hnrnpm PE=1 SV=3",6,3,4,3,4,217.2,5,"Q9D0E1|HNRPM_MOUSE","HNRPM_MOUSE","Y","Y"
"Q9D0F3","LMAN1_MOUSE","Y","Lman1","Protein ERGIC-53 OS=Mus musculus GN=Lman1 PE=1 SV=1",6,5,7,9,5,284.69,14,"Q9D0F3|LMAN1_MOUSE","LMAN1_MOUSE","Y","Y"
"Q9DBH5","LMAN2_MOUSE","Y","Lman2","Vesicular integral-membrane protein VIP36 OS=Mus musculus GN=Lman2 PE=1 SV=2",6,4,4,3,3,208.12,8,"Q9DBH5|LMAN2_MOUSE","LMAN2_MOUSE","Y","Y"
"Q9ERE7","MESD_MOUSE","Y","Mesd","LRP chaperone MESD OS=Mus musculus GN=Mesd PE=1 SV=1",2,2,2,1,1,141.65,3,"Q9ERE7|MESD_MOUSE","MESD_MOUSE","N","Y"
"Q9ET22","DPP2_MOUSE","Y","Dpp7","Dipeptidyl peptidase 2 OS=Mus musculus GN=Dpp7 PE=1 SV=2",1,1,1,1,0,103.03,2,"Q9ET22|DPP2_MOUSE","DPP2_MOUSE","Y","Y"
"Q9JKR6","HYOU1_MOUSE","Y","Hyou1","Hypoxia up-regulated protein 1 OS=Mus musculus GN=Hyou1 PE=1 SV=1",25,20,25,18,20,334.74,26,"Q9JKR6|HYOU1_MOUSE","HYOU1_MOUSE","Y","Y"
"Q9R0E1","PLOD3_MOUSE","Y","Plod3","Procollagen-lysine 2-oxoglutarate 5-dioxygenase 3 OS=Mus musculus GN=Plod3 PE=1 SV=1",2,1,0,2,3,112,3,"Q9R0E1|PLOD3_MOUSE","PLOD3_MOUSE","Y","Y"
"Q9WU78","PDC6I_MOUSE","N","Pdcd6ip","Programmed cell death 6-interacting protein OS=Mus musculus GN=Pdcd6ip PE=1 SV=3",15,11,9,10,15,308.52,20,"Q9WU78|PDC6I_MOUSE","PDC6I_MOUSE","Y","Y"
"Q9WUU7","CATZ_MOUSE","Y","Ctsz","Cathepsin Z OS=Mus musculus GN=Ctsz PE=1 SV=1",3,0,3,3,4,161.82,3,"Q9WUU7|CATZ_MOUSE","CATZ_MOUSE","Y","Y"
"Q9WV54","ASAH1_MOUSE","Y","Asah1","Acid ceramidase OS=Mus musculus GN=Asah1 PE=1 SV=1",1,1,2,3,2,138.11,3,"Q9WV54|ASAH1_MOUSE","ASAH1_MOUSE","Y","Y"
"Q9Z0J0","NPC2_MOUSE","Y","Npc2","Epididymal secretory protein E1 OS=Mus musculus GN=Npc2 PE=1 SV=1",4,4,4,2,4,167.84,5,"Q9Z0J0|NPC2_MOUSE","NPC2_MOUSE","Y","Y"
"Q9Z1Q5","CLIC1_MOUSE","N","Clic1","Chloride intracellular channel protein 1 OS=Mus musculus GN=Clic1 PE=1 SV=3",7,5,5,8,8,265.69,11,"Q9Z1Q5|CLIC1_MOUSE","CLIC1_MOUSE","Y","Y"
"Q9Z1R2","BAG6_MOUSE","N","Bag6","Large proline-rich protein BAG6 OS=Mus musculus GN=Bag6 PE=1 SV=1",2,2,2,2,2,168.33,4,"Q9Z1R2|BAG6_MOUSE","BAG6_MOUSE","Y","Y"
