"Accession.Number","S3","S4","S5","P3","P4","P5"
"LEG1_MOUSE",3,6,1,6,6,6
"ENPL_MOUSE",4,0,2,46,52,41
"HS90B_MOUSE",2,1,0,36,37,41
"HS90A_MOUSE",2,1,0,36,35,36
"HSP7C_MOUSE",1,1,0,30,32,33
"ALDOA_MOUSE",1,1,0,11,1,18
"TBA1C_MOUSE",1,0,1,15,15,19
"IF4A1_MOUSE",1,0,0,13,11,16
"ENOA_MOUSE",1,0,0,12,6,15
"1433Z_MOUSE",1,0,0,10,11,9
"DJB11_MOUSE",1,0,0,9,9,8
"1433E_MOUSE",1,0,0,9,7,10
"PDLI1_MOUSE",0,9,0,12,1,13
"CALU_MOUSE",0,4,0,10,3,12
"COF1_MOUSE",0,4,0,8,2,8
"PDIA1_MOUSE",0,1,0,36,30,29
"SERPH_MOUSE",0,1,0,23,14,22
"GDIR1_MOUSE",0,1,0,9,5,9
"DEST_MOUSE",0,1,0,5,1,5
"PGK1_MOUSE",0,0,1,13,2,18
"TLN1_MOUSE",0,0,0,48,59,68
"UGGG1_MOUSE",0,0,0,38,27,31
"PDIA3_MOUSE",0,0,0,37,26,34
"TERA_MOUSE",0,0,0,32,40,42
"HYOU1_MOUSE",0,0,0,32,37,30
"DYHC1_MOUSE",0,0,0,31,26,53
"MYH9_MOUSE",0,0,0,22,20,43
"GANAB_MOUSE",0,0,0,22,13,28
"TGM2_MOUSE",0,0,0,18,14,20
"CEAM5_MOUSE",0,0,0,18,12,23
"TCPB_MOUSE",0,0,0,18,10,25
"ERO1A_MOUSE",0,0,0,18,5,20
"TCPG_MOUSE",0,0,0,17,12,21
"ATX10_MOUSE",0,0,0,17,11,23
"USO1_MOUSE",0,0,0,16,9,12
"TCPA_MOUSE",0,0,0,15,15,18
"DNJC3_MOUSE",0,0,0,15,10,16
"CALX_MOUSE",0,0,0,14,16,16
"ANXA2_MOUSE",0,0,0,14,11,21
"ADA_MOUSE",0,0,0,14,8,19
"ERP44_MOUSE",0,0,0,14,3,13
"PLSL_MOUSE",0,0,0,14,2,26
"UBA1_MOUSE",0,0,0,13,15,20
"EF1G_MOUSE",0,0,0,12,9,19
"TCPH_MOUSE",0,0,0,12,9,18
"P4HA1_MOUSE",0,0,0,12,6,13
"ERP29_MOUSE",0,0,0,12,1,9
"VINC_MOUSE",0,0,0,11,8,19
"TCPZ_MOUSE",0,0,0,11,8,16
"PPIB_MOUSE",0,0,0,11,6,12
"EZRI_MOUSE",0,0,0,11,5,12
"CAH2_MOUSE",0,0,0,11,5,12
"SYAC_MOUSE",0,0,0,10,10,12
"PSMD2_MOUSE",0,0,0,10,7,12
"GDIB_MOUSE",0,0,0,10,6,21
"ARP3_MOUSE",0,0,0,9,3,17
"TAGL2_MOUSE",0,0,0,9,3,10
"PDIA5_MOUSE",0,0,0,9,3,10
"HBAZ_MOUSE",0,0,0,9,3,9
"EIF3E_MOUSE",0,0,0,9,3,9
"PSMD1_MOUSE",0,0,0,8,2,14
"PGAM1_MOUSE",0,0,0,8,2,10
"NDKA_MOUSE",0,0,0,8,1,11
"HEM2_MOUSE",0,0,0,8,1,10
"MDHC_MOUSE",0,0,0,8,1,8
"CAN1_MOUSE",0,0,0,7,6,7
"DPP3_MOUSE",0,0,0,7,4,15
"PGM1_MOUSE",0,0,0,7,4,11
"RS3_MOUSE",0,0,0,7,4,10
"LMAN2_MOUSE",0,0,0,7,3,9
"CNDP2_MOUSE",0,0,0,7,1,13
"CLIC4_MOUSE",0,0,0,7,1,11
"RS8_MOUSE",0,0,0,6,4,5
"IF2G_MOUSE",0,0,0,6,3,8
"PR7A2_MOUSE",0,0,0,6,3,5
"CDC42_MOUSE",0,0,0,6,3,4
"TPIS_MOUSE",0,0,0,6,2,12
"PSMD6_MOUSE",0,0,0,6,2,6
"EIF3B_MOUSE",0,0,0,5,4,16
"SYCC_MOUSE",0,0,0,5,4,4
"TPP2_MOUSE",0,0,0,5,3,17
"PUR9_MOUSE",0,0,0,5,3,13
"2AAA_MOUSE",0,0,0,5,3,13
"PSMD3_MOUSE",0,0,0,5,3,9
"SYDC_MOUSE",0,0,0,4,4,9
"EIF3L_MOUSE",0,0,0,4,2,11
"6PGD_MOUSE",0,0,0,4,2,6
"GALK1_MOUSE",0,0,0,4,1,10
"LIS1_MOUSE",0,0,0,4,1,6
"DDB1_MOUSE",0,0,0,3,3,31
"FAS_MOUSE",0,0,0,3,1,22
"KINH_MOUSE",0,0,0,2,1,2
"GARS_MOUSE",0,0,0,1,4,6
"PSME2_MOUSE",0,0,0,1,1,5
"ALBU_MOUSE",2,1,4,9,0,19
"MTPN_MOUSE",0,1,1,1,0,2
"CYTB_MOUSE",0,4,0,3,0,4
"CH10_MOUSE",0,4,0,2,0,2
"FKBP2_MOUSE",0,2,0,4,0,3
"MIF_MOUSE",0,2,0,4,0,2
"RS20_MOUSE",0,2,0,3,0,3
"SDF2L_MOUSE",0,1,0,5,0,6
"EF1B_MOUSE",0,0,0,10,0,6
"AL9A1_MOUSE",0,0,0,6,0,11
"ARP2_MOUSE",0,0,0,6,0,10
"FBLN7_MOUSE",0,0,0,4,4,0
"PSB4_MOUSE",0,0,0,4,0,4
"GALE_MOUSE",0,0,0,3,0,10
"PSA7_MOUSE",0,0,0,3,0,8
"PSA5_MOUSE",0,0,0,3,0,8
"RS3A_MOUSE",0,0,0,3,0,8
"PSA1_MOUSE",0,0,0,3,0,6
"PABP1_MOUSE",0,0,0,3,0,6
"SIAS_MOUSE",0,0,0,3,0,6
"PSA4_MOUSE",0,0,0,3,0,5
"PR3B1_MOUSE",0,0,0,3,0,5
"RS7_MOUSE",0,0,0,3,0,5
"AIMP1_MOUSE",0,0,0,3,0,5
"GSTP1_MOUSE",0,0,0,3,0,4
"RAP1B_MOUSE",0,0,0,3,0,4
"OSTF1_MOUSE",0,0,0,3,0,4
"RD23B_MOUSE",0,0,0,3,0,4
"UB2L3_MOUSE",0,0,0,3,0,3
"SC23B_MOUSE",0,0,0,3,0,3
"VATA_MOUSE",0,0,0,2,0,5
"OLA1_MOUSE",0,0,0,2,0,5
"PSA2_MOUSE",0,0,0,2,0,4
"AHSA1_MOUSE",0,0,0,2,0,4
"RS9_MOUSE",0,0,0,2,0,4
"PSB3_MOUSE",0,0,0,2,0,3
"CREG1_MOUSE",0,0,0,2,0,3
"SNAA_MOUSE",0,0,0,1,0,10
"FKBP4_MOUSE",0,0,0,1,0,5
"RL8_MOUSE",0,0,0,1,0,4
"FA49B_MOUSE",0,0,0,1,0,1
"PPIC_MOUSE",0,0,0,1,0,1
"DOPD_MOUSE",0,0,0,1,0,1
"SGT1_MOUSE",0,0,0,1,0,1
"VPS35_MOUSE",0,0,0,0,1,2
"HBB2_MOUSE",3,2,0,0,0,14
"ATOX1_MOUSE",1,3,0,2,0,0
"BASP1_MOUSE",0,5,1,6,0,0
"FKB1A_MOUSE",0,1,1,1,0,0
"PLOD3_MOUSE",0,0,0,1,0,0
"SYVC_MOUSE",0,0,0,1,0,0
"CHM4B_MOUSE",0,0,0,1,0,0
"EIF3H_MOUSE",0,0,0,0,0,8
"COPE_MOUSE",0,0,0,0,0,5
"IMDH2_MOUSE",0,0,0,0,0,5
"VIME_MOUSE",0,0,0,0,0,4
"FABP4_MOUSE",0,0,0,0,0,4
"COPD_MOUSE",0,0,0,0,0,3
"SYTC_MOUSE",0,0,0,0,0,3
"ANXA1_MOUSE",0,0,0,0,0,3
"SPTB2_MOUSE",0,0,0,0,0,2
"SAHH_MOUSE",0,0,0,0,0,2
"HXK1_MOUSE",0,0,0,0,0,2
"GLOD4_MOUSE",0,0,0,0,0,2
"ITPA_MOUSE",0,0,0,0,0,2
"COR1B_MOUSE",0,0,0,0,0,2
"GSTM1_MOUSE",0,0,0,0,0,1
"HMOX1_MOUSE",0,0,0,0,0,1
"S10A9_MOUSE",0,0,0,0,0,1
"TXD17_MOUSE",0,0,0,0,0,1
"S10AA_MOUSE",2,1,0,0,0,0
"CATK_MOUSE",1,0,0,0,0,0
"HBB1_MOUSE",3,2,8,23,9,24
"S10A6_MOUSE",4,1,0,6,4,3
"CALR_MOUSE",0,5,1,43,29,28
"FLNB_MOUSE",2,0,0,15,9,48
"TBB5_MOUSE",0,0,2,23,20,25
"IQGA1_MOUSE",0,0,0,32,28,51
"CAND1_MOUSE",0,0,0,17,6,17
"SYEP_MOUSE",0,0,0,16,11,18
"TCPQ_MOUSE",0,0,0,15,13,26
"PFKAP_MOUSE",0,0,0,15,10,20
"CH60_MOUSE",0,0,0,11,2,13
"FERM2_MOUSE",0,0,0,10,6,14
"ITB3_MOUSE",0,0,0,9,4,9
"MK01_MOUSE",0,0,0,9,3,13
"APT_MOUSE",0,0,0,9,3,10
"RSSA_MOUSE",0,0,0,8,1,13
"PRDX1_MOUSE",0,0,0,7,6,12
"PPCE_MOUSE",0,0,0,7,3,20
"COPB2_MOUSE",0,0,0,5,3,14
"K2C8_MOUSE",0,0,0,4,4,8
"RLA0_MOUSE",0,0,0,4,2,5
"EIF3M_MOUSE",0,0,0,3,2,9
"PEPD_MOUSE",0,0,0,3,2,7
"LRC59_MOUSE",0,0,0,2,1,5
"PGM2_MOUSE",0,0,0,1,3,7
"RL13_MOUSE",0,4,0,2,0,3
"FABP5_MOUSE",0,3,0,5,0,6
"RS16_MOUSE",0,2,0,3,0,3
"RS14_MOUSE",0,2,0,3,0,3
"RACK1_MOUSE",0,0,0,5,0,14
"PSMD7_MOUSE",0,0,0,5,0,4
"MDHM_MOUSE",0,0,0,4,0,8
"MAOX_MOUSE",0,0,0,3,0,14
"PRS4_MOUSE",0,0,0,3,0,5
"RL12_MOUSE",0,0,0,2,0,5
"ILEUA_MOUSE",0,0,0,2,0,3
"NEDD4_MOUSE",0,0,0,2,0,3
"SEC13_MOUSE",0,0,0,2,0,2
"AATM_MOUSE",0,0,0,1,0,8
"PSB5_MOUSE",0,0,0,1,0,6
"CSN3_MOUSE",0,0,0,1,0,3
"PEA15_MOUSE",0,0,0,1,0,3
"PR2B1_MOUSE",0,0,0,1,0,1
"GATM_MOUSE",0,0,0,0,0,9
"SNX9_MOUSE",0,0,0,0,0,5
"PUR2_MOUSE",0,0,0,0,0,5
"CLIC1_MOUSE",0,0,0,0,0,3
"ROAA_MOUSE",0,0,0,0,0,2
"RUVB1_MOUSE",0,0,0,0,0,2
"H15_MOUSE",0,0,0,0,0,2
"CHRD1_MOUSE",0,0,0,0,0,2
"MOGS_MOUSE",0,0,0,0,0,2
"BIEA_MOUSE",0,0,0,0,0,1
"DNJA2_MOUSE",0,0,0,0,0,1
"VATD_MOUSE",1,0,0,0,0,0
"S10A8_MOUSE",1,0,0,0,0,0
"K22E_MOUSE",2,0,3,1,4,5
"ODPAT_MOUSE",1,1,0,1,1,1
"TBA1A_MOUSE",1,0,1,16,16,19
"ACBP_MOUSE",0,4,1,5,2,4
"K22O_MOUSE",3,0,0,3,4,5
"HSP74_MOUSE",1,0,0,14,13,22
"1433B_MOUSE",1,0,0,10,4,8
"IF5A1_MOUSE",1,0,0,6,1,7
"MANF_MOUSE",0,3,0,9,1,10
"EI3JB_MOUSE",0,2,0,8,1,6
"BIP_MOUSE",0,0,0,51,39,36
"GFPT1_MOUSE",0,0,0,22,24,25
"LDHA_MOUSE",0,0,0,19,14,22
"G3P_MOUSE",0,0,0,16,11,21
"ANXA5_MOUSE",0,0,0,15,9,17
"NCPR_MOUSE",0,0,0,13,12,17
"PEG10_MOUSE",0,0,0,12,10,14
"UBE2O_MOUSE",0,0,0,11,10,23
"USP9X_MOUSE",0,0,0,10,4,27
"ATPA_MOUSE",0,0,0,10,3,14
"CLH1_MOUSE",0,0,0,9,5,30
"COPA_MOUSE",0,0,0,9,5,24
"NDKB_MOUSE",0,0,0,9,1,10
"P4HA2_MOUSE",0,0,0,8,7,11
"NB5R3_MOUSE",0,0,0,8,4,6
"SC31A_MOUSE",0,0,0,8,3,5
"PSD12_MOUSE",0,0,0,8,1,11
"VIGLN_MOUSE",0,0,0,7,9,8
"GLU2B_MOUSE",0,0,0,7,8,9
"ANX11_MOUSE",0,0,0,7,5,12
"EIF3A_MOUSE",0,0,0,7,3,10
"IMA4_MOUSE",0,0,0,7,3,9
"DNPEP_MOUSE",0,0,0,7,2,15
"NUB1_MOUSE",0,0,0,6,5,4
"RAB1A_MOUSE",0,0,0,6,4,8
"DDX3X_MOUSE",0,0,0,6,4,8
"PRS6A_MOUSE",0,0,0,6,1,9
"ARF4_MOUSE",0,0,0,6,1,6
"DYN2_MOUSE",0,0,0,5,6,7
"RL4_MOUSE",0,0,0,5,4,11
"SYK_MOUSE",0,0,0,5,4,7
"SORCN_MOUSE",0,0,0,5,3,5
"SEPT2_MOUSE",0,0,0,5,2,6
"GNAI3_MOUSE",0,0,0,5,2,6
"MYL6_MOUSE",0,0,0,5,1,8
"CPNS1_MOUSE",0,0,0,5,1,2
"AT1A1_MOUSE",0,0,0,4,5,5
"RL6_MOUSE",0,0,0,4,3,5
"GTR1_MOUSE",0,0,0,4,2,5
"K2C1B_MOUSE",0,0,0,3,4,4
"PYR1_MOUSE",0,0,0,2,4,1
"CDC37_MOUSE",0,0,0,2,3,4
"IF2B1_MOUSE",0,0,0,2,1,3
"COPZ1_MOUSE",0,0,0,2,1,2
"PLAK_MOUSE",0,0,0,1,7,3
"RL3_MOUSE",0,0,0,1,1,5
"CATM_MOUSE",0,0,0,1,1,3
"RL23_MOUSE",1,3,0,2,0,3
"H2B1H_MOUSE",0,1,1,3,0,3
"RBX1_MOUSE",1,0,0,1,0,1
"RL27_MOUSE",0,3,0,3,0,3
"RL18A_MOUSE",0,2,0,4,0,4
"RS23_MOUSE",0,1,0,2,0,3
"RL17_MOUSE",0,1,0,1,0,4
"TXNL1_MOUSE",0,0,0,7,0,10
"FOXO4_MOUSE",0,0,0,7,0,8
"H2AX_MOUSE",0,0,0,6,0,3
"ANXA7_MOUSE",0,0,0,5,0,8
"PSDE_MOUSE",0,0,0,5,0,5
"UBA6_MOUSE",0,0,0,4,0,10
"RS2_MOUSE",0,0,0,4,0,8
"ANXA6_MOUSE",0,0,0,4,0,8
"RAB1B_MOUSE",0,0,0,4,0,5
"GBB2_MOUSE",0,0,0,4,0,5
"SEPT7_MOUSE",0,0,0,4,0,2
"AMRP_MOUSE",0,0,0,4,0,2
"LAMC1_MOUSE",0,0,0,3,0,18
"UPP1_MOUSE",0,0,0,3,0,7
"AK1A1_MOUSE",0,0,0,3,0,4
"TMED2_MOUSE",0,0,0,3,0,4
"RS17_MOUSE",0,0,0,3,0,4
"OTUB1_MOUSE",0,0,0,3,0,3
"ARPC3_MOUSE",0,0,0,3,0,2
"NDRG1_MOUSE",0,0,0,3,0,2
"CNPY2_MOUSE",0,0,0,3,0,2
"DIAP1_MOUSE",0,0,0,2,2,0
"NCEH1_MOUSE",0,0,0,2,1,0
"ML12B_MOUSE",0,0,0,2,0,5
"EIF3K_MOUSE",0,0,0,2,0,4
"ARPC5_MOUSE",0,0,0,2,0,3
"DNJA1_MOUSE",0,0,0,2,0,3
"VDAC2_MOUSE",0,0,0,2,0,3
"SPB6_MOUSE",0,0,0,2,0,2
"RL18_MOUSE",0,0,0,2,0,2
"PDXD1_MOUSE",0,0,0,1,2,0
"AL7A1_MOUSE",0,0,0,1,0,6
"HNRPK_MOUSE",0,0,0,1,0,5
"SPEE_MOUSE",0,0,0,1,0,4
"PP2AA_MOUSE",0,0,0,1,0,4
"SPCS1_MOUSE",0,0,0,1,0,2
"K2C72_MOUSE",0,0,0,1,0,2
"RER1_MOUSE",0,0,0,1,0,1
"FBXW8_MOUSE",0,0,0,1,0,1
"ACTBL_MOUSE",0,0,0,0,8,13
"TNPO1_MOUSE",0,0,0,0,1,3
"RS27A_MOUSE",1,2,0,0,0,3
"RALA_MOUSE",0,0,0,3,0,0
"PRDX3_MOUSE",0,0,0,2,0,0
"CNN2_MOUSE",0,0,0,2,0,0
"SAR1A_MOUSE",0,0,0,2,0,0
"COPG2_MOUSE",0,0,0,2,0,0
"PARVA_MOUSE",0,0,0,2,0,0
"API5_MOUSE",0,0,0,1,0,0
"PPM1A_MOUSE",0,0,0,1,0,0
"PTN23_MOUSE",0,0,0,1,0,0
"SCFD1_MOUSE",0,0,0,1,0,0
"ERD22_MOUSE",0,0,0,1,0,0
"DSG1B_MOUSE",0,0,0,0,2,0
"MMP11_MOUSE",0,0,0,0,2,0
"ATOH1_MOUSE",0,0,0,0,1,0
"SPART_MOUSE",0,0,0,0,1,0
"WNK2_MOUSE",0,0,0,0,1,0
"PI4KA_MOUSE",0,0,0,0,1,0
"MYO1C_MOUSE",0,0,0,0,1,0
"LAMA1_MOUSE",0,0,0,0,0,11
"LKHA4_MOUSE",0,0,0,0,0,6
"MYH11_MOUSE",0,0,0,0,0,6
"NID1_MOUSE",0,0,0,0,0,5
"AMPL_MOUSE",0,0,0,0,0,5
"ISOC1_MOUSE",0,0,0,0,0,4
"KRT85_MOUSE",0,0,0,0,0,4
"SERA_MOUSE",0,0,0,0,0,4
"GRHPR_MOUSE",0,0,0,0,0,4
"EMAL2_MOUSE",0,0,0,0,0,4
"COF2_MOUSE",0,0,0,0,0,3
"HNRPD_MOUSE",0,0,0,0,0,3
"RL32_MOUSE",0,0,0,0,0,3
"PRPS1_MOUSE",0,0,0,0,0,3
"SNX1_MOUSE",0,0,0,0,0,3
"PFKAL_MOUSE",0,0,0,0,0,3
"GVIN1_MOUSE",0,0,0,0,0,2
"SRP54_MOUSE",0,0,0,0,0,2
"DBNL_MOUSE",0,0,0,0,0,2
"NEDD8_MOUSE",0,0,0,0,0,2
"IF4E_MOUSE",0,0,0,0,0,2
"ACON_MOUSE",0,0,0,0,0,1
"IST1_MOUSE",0,0,0,0,0,1
"DDX6_MOUSE",0,0,0,0,0,1
"QCR1_MOUSE",0,0,0,0,0,1
"UB2D3_MOUSE",0,0,0,0,0,1
"PR2C3_MOUSE",0,0,0,0,0,1
"STK39_MOUSE",0,0,0,0,0,1
"GSTM7_MOUSE",0,0,0,0,0,1
"ASNA_MOUSE",0,0,0,0,0,1
"CERS2_MOUSE",0,0,0,0,0,1
"HNRH2_MOUSE",0,0,0,0,0,1
"CD9_MOUSE",0,0,0,0,0,1
"NAGK_MOUSE",0,0,0,0,0,1
"TRY2_MOUSE",2,3,0,0,0,0
"COX8A_MOUSE",2,0,0,0,0,0
"MYOME_MOUSE",1,0,0,0,0,0
"PDCD5_MOUSE",0,1,0,0,0,0
"RET4_MOUSE",0,0,3,0,0,0
"GPR98_MOUSE",0,0,2,0,0,0
"EF1A1_MOUSE",3,1,2,22,18,27
"THIO_MOUSE",3,5,0,5,4,4
"ATPB_MOUSE",2,1,0,8,3,20
"TYB10_MOUSE",2,1,0,1,2,1
"HBE_MOUSE",2,0,3,7,4,11
"PPIA_MOUSE",1,5,0,8,3,8
"H4_MOUSE",1,2,0,4,1,6
"EF2_MOUSE",1,0,0,29,30,35
"CAP1_MOUSE",1,0,0,10,9,16
"LG3BP_MOUSE",1,0,0,9,3,8
"CREL2_MOUSE",0,5,0,9,2,6
"PROF1_MOUSE",0,2,0,5,4,8
"LASP1_MOUSE",0,2,0,3,2,4
"KPYM_MOUSE",0,0,0,24,27,30
"GELS_MOUSE",0,0,0,21,19,26
"ACTC_MOUSE",0,0,0,16,13,18
"IMB1_MOUSE",0,0,0,13,13,16
"TCPD_MOUSE",0,0,0,13,10,19
"RINI_MOUSE",0,0,0,13,6,18
"UGPA_MOUSE",0,0,0,12,8,10
"ITAV_MOUSE",0,0,0,12,6,15
"TCPE_MOUSE",0,0,0,11,12,18
"XPO2_MOUSE",0,0,0,10,6,14
"WDR1_MOUSE",0,0,0,10,4,19
"GLCNE_MOUSE",0,0,0,9,9,12
"COPG1_MOUSE",0,0,0,9,8,16
"STIP1_MOUSE",0,0,0,9,2,13
"PDC6I_MOUSE",0,0,0,8,7,15
"1433G_MOUSE",0,0,0,8,6,6
"RPN2_MOUSE",0,0,0,8,5,13
"GMPPB_MOUSE",0,0,0,8,5,11
"FSCN1_MOUSE",0,0,0,8,3,13
"ACTN4_MOUSE",0,0,0,7,8,16
"RADI_MOUSE",0,0,0,7,6,5
"ARF1_MOUSE",0,0,0,7,3,7
"ARHG6_MOUSE",0,0,0,6,8,12
"SND1_MOUSE",0,0,0,6,4,17
"K1C18_MOUSE",0,0,0,6,1,11
"LDHB_MOUSE",0,0,0,6,1,9
"SYRC_MOUSE",0,0,0,5,7,7
"SYNC_MOUSE",0,0,0,5,4,13
"PCBP1_MOUSE",0,0,0,5,4,10
"CAPZB_MOUSE",0,0,0,5,3,8
"PSD13_MOUSE",0,0,0,5,2,8
"UBR4_MOUSE",0,0,0,5,2,5
"SYIC_MOUSE",0,0,0,5,2,3
"ARPC2_MOUSE",0,0,0,5,1,7
"EIF3C_MOUSE",0,0,0,4,5,7
"TKT_MOUSE",0,0,0,4,3,6
"IF2A_MOUSE",0,0,0,4,2,6
"PSA6_MOUSE",0,0,0,4,1,6
"COPB_MOUSE",0,0,0,3,3,12
"RS15A_MOUSE",0,0,0,3,1,6
"DAPK2_MOUSE",0,0,0,3,1,4
"UBP5_MOUSE",0,0,0,2,7,8
"FBN1_MOUSE",0,0,0,2,6,36
"PRDX4_MOUSE",0,0,0,2,3,6
"IPO5_MOUSE",0,0,0,2,2,16
"TPM4_MOUSE",0,0,0,2,1,5
"NACAM_MOUSE",0,0,0,2,1,4
"RL15_MOUSE",0,0,0,2,1,4
"PSA3_MOUSE",0,0,0,2,1,2
"XPO1_MOUSE",0,0,0,1,2,11
"ARPC4_MOUSE",0,0,0,1,1,7
"PA2G4_MOUSE",0,0,0,1,1,5
"XDH_MOUSE",0,0,0,1,1,3
"K1C13_MOUSE",4,3,0,4,0,6
"TEBP_MOUSE",1,1,0,4,0,4
"PRDX5_MOUSE",1,1,0,1,0,1
"S10AB_MOUSE",2,0,0,4,0,3
"RAN_MOUSE",1,0,0,6,0,6
"TMED9_MOUSE",1,0,0,4,0,6
"EIF3G_MOUSE",1,0,0,1,0,4
"SODC_MOUSE",0,4,0,1,0,4
"CSRP1_MOUSE",0,3,0,3,0,2
"RL30_MOUSE",0,2,0,3,0,2
"RL23A_MOUSE",0,2,0,1,0,3
"RS25_MOUSE",0,2,0,1,0,3
"RS19_MOUSE",0,2,0,1,0,2
"RLA2_MOUSE",0,1,0,3,0,4
"RS11_MOUSE",0,1,0,2,0,2
"NPC2_MOUSE",0,1,0,1,0,2
"TBB4B_MOUSE",0,0,2,21,0,25
"PRDX2_MOUSE",0,0,1,4,0,10
"G6PI_MOUSE",0,0,0,9,0,19
"TXND5_MOUSE",0,0,0,9,0,12
"AATC_MOUSE",0,0,0,8,0,10
"PRS6B_MOUSE",0,0,0,7,0,9
"RS4X_MOUSE",0,0,0,7,0,7
"HBBZ_MOUSE",0,0,0,6,0,9
"PAK2_MOUSE",0,0,0,5,0,9
"PSD11_MOUSE",0,0,0,5,0,8
"EFHD2_MOUSE",0,0,0,5,0,6
"GPX1_MOUSE",0,0,0,5,0,4
"GDIA_MOUSE",0,0,0,4,0,8
"PRS8_MOUSE",0,0,0,4,0,8
"ADHX_MOUSE",0,0,0,4,0,7
"EIF3F_MOUSE",0,0,0,4,0,6
"DNJB1_MOUSE",0,0,0,4,0,6
"PSB1_MOUSE",0,0,0,4,0,5
"TCTP_MOUSE",0,0,0,4,0,4
"PSMD4_MOUSE",0,0,0,4,0,3
"E41L1_MOUSE",0,0,0,3,2,0
"CATB_MOUSE",0,0,0,3,0,7
"SYWC_MOUSE",0,0,0,3,0,7
"NSF1C_MOUSE",0,0,0,3,0,6
"1433F_MOUSE",0,0,0,3,0,5
"RANG_MOUSE",0,0,0,3,0,5
"UBE2K_MOUSE",0,0,0,3,0,4
"PSB2_MOUSE",0,0,0,3,0,3
"1433S_MOUSE",0,0,0,3,0,3
"HARS1_MOUSE",0,0,0,3,0,1
"C1QT1_MOUSE",0,0,0,2,1,0
"FILA2_MOUSE",0,0,0,2,1,0
"IDHC_MOUSE",0,0,0,2,0,13
"ACTZ_MOUSE",0,0,0,2,0,6
"FRIH_MOUSE",0,0,0,2,0,4
"UBE2N_MOUSE",0,0,0,2,0,4
"PSB6_MOUSE",0,0,0,2,0,3
"NUDC_MOUSE",0,0,0,2,0,3
"PSMD8_MOUSE",0,0,0,2,0,3
"ADT2_MOUSE",0,0,0,2,0,3
"VAT1_MOUSE",0,0,0,2,0,2
"GNPI1_MOUSE",0,0,0,2,0,2
"MESD_MOUSE",0,0,0,2,0,2
"ZWINT_MOUSE",0,0,0,2,0,2
"KAP0_MOUSE",0,0,0,2,0,1
"VTA1_MOUSE",0,0,0,2,0,1
"ASAP2_MOUSE",0,0,0,1,1,0
"ITB1_MOUSE",0,0,0,1,0,6
"IPYR_MOUSE",0,0,0,1,0,5
"UGDH_MOUSE",0,0,0,1,0,5
"ERF1_MOUSE",0,0,0,1,0,4
"CISY_MOUSE",0,0,0,1,0,4
"PP1A_MOUSE",0,0,0,1,0,4
"RL10_MOUSE",0,0,0,1,0,4
"CATD_MOUSE",0,0,0,1,0,3
"DCTN2_MOUSE",0,0,0,1,0,3
"MP2K1_MOUSE",0,0,0,1,0,3
"RS18_MOUSE",0,0,0,1,0,3
"H12_MOUSE",0,0,0,1,0,2
"MARE1_MOUSE",0,0,0,1,0,2
"RAB7A_MOUSE",0,0,0,1,0,2
"ECHA_MOUSE",0,0,0,1,0,2
"VATB2_MOUSE",0,0,0,1,0,1
"UCHL3_MOUSE",0,0,0,1,0,1
"ACTN1_MOUSE",0,0,0,0,6,13
"CAZA2_MOUSE",0,0,0,0,1,7
"LYZ2_MOUSE",0,0,0,0,1,1
"CRYAB_MOUSE",3,0,0,0,0,4
"KAD2_MOUSE",1,0,0,2,0,0
"BLVRB_MOUSE",1,0,0,1,0,0
"PEBP1_MOUSE",0,1,0,5,0,0
"CHSP1_MOUSE",0,1,0,0,0,2
"CALL3_MOUSE",0,0,0,5,0,0
"TRFE_MOUSE",0,0,0,3,0,0
"PARK7_MOUSE",0,0,0,2,0,0
"6PGL_MOUSE",0,0,0,2,0,0
"TMED5_MOUSE",0,0,0,2,0,0
"PSA_MOUSE",0,0,0,1,0,0
"PR8A9_MOUSE",0,0,0,1,0,0
"UAP1L_MOUSE",0,0,0,1,0,0
"TWF1_MOUSE",0,0,0,1,0,0
"PP2AB_MOUSE",0,0,0,1,0,0
"LZIC_MOUSE",0,0,0,1,0,0
"TXD12_MOUSE",0,0,0,1,0,0
"ANGP2_MOUSE",0,0,0,1,0,0
"ELOB_MOUSE",0,0,0,1,0,0
"AP1S1_MOUSE",0,0,0,1,0,0
"TM14C_MOUSE",0,0,0,1,0,0
"PP6R3_MOUSE",0,0,0,1,0,0
"CC190_MOUSE",0,0,0,1,0,0
"OXSR1_MOUSE",0,0,0,1,0,0
"EPCR_MOUSE",0,0,0,1,0,0
"GMFB_MOUSE",0,0,0,1,0,0
"CK5P3_MOUSE",0,0,0,1,0,0
"TFR1_MOUSE",0,0,0,0,2,0
"PLAP_MOUSE",0,0,0,0,2,0
"KPYR_MOUSE",0,0,0,0,2,0
"RET1_MOUSE",0,0,0,0,1,0
"SNX2_MOUSE",0,0,0,0,1,0
"CAN2_MOUSE",0,0,0,0,1,0
"IF4B_MOUSE",0,0,0,0,1,0
"YKT6_MOUSE",0,0,0,0,1,0
"CARM1_MOUSE",0,0,0,0,1,0
"DESM_MOUSE",0,0,0,0,0,18
"K1C19_MOUSE",0,0,0,0,0,8
"TTL12_MOUSE",0,0,0,0,0,7
"IDHP_MOUSE",0,0,0,0,0,7
"DPYL2_MOUSE",0,0,0,0,0,5
"CYBP_MOUSE",0,0,0,0,0,5
"HS74L_MOUSE",0,0,0,0,0,5
"NUCL_MOUSE",0,0,0,0,0,4
"PPID_MOUSE",0,0,0,0,0,4
"YBOX1_MOUSE",0,0,0,0,0,4
"EIF3I_MOUSE",0,0,0,0,0,4
"PSB7_MOUSE",0,0,0,0,0,3
"FPPS_MOUSE",0,0,0,0,0,3
"MYDGF_MOUSE",0,0,0,0,0,3
"CSN5_MOUSE",0,0,0,0,0,3
"NUCB1_MOUSE",0,0,0,0,0,2
"PYGL_MOUSE",0,0,0,0,0,2
"COR1C_MOUSE",0,0,0,0,0,2
"HPRT_MOUSE",0,0,0,0,0,2
"DX39B_MOUSE",0,0,0,0,0,2
"CSN4_MOUSE",0,0,0,0,0,2
"RAB14_MOUSE",0,0,0,0,0,2
"KRT82_MOUSE",0,0,0,0,0,2
"SET_MOUSE",0,0,0,0,0,2
"PR2C2_MOUSE",0,0,0,0,0,1
"GSTM2_MOUSE",0,0,0,0,0,1
"CTNA1_MOUSE",0,0,0,0,0,1
"PURA2_MOUSE",0,0,0,0,0,1
"CYC_MOUSE",0,0,0,0,0,1
"TSN_MOUSE",0,0,0,0,0,1
"VATE1_MOUSE",0,0,0,0,0,1
"NPM_MOUSE",0,0,0,0,0,1
"SH3L3_MOUSE",0,0,0,0,0,1
"PSMD5_MOUSE",0,0,0,0,0,1
"PSMD9_MOUSE",0,0,0,0,0,1
"RS21_MOUSE",0,0,0,0,0,1
"ARHGH_MOUSE",0,0,0,0,0,1
"SEPT3_MOUSE",0,0,0,0,0,1
"RL39_MOUSE",0,0,0,0,0,1
"JUPI2_MOUSE",1,1,0,0,0,0
"CO3_MOUSE",1,0,0,0,0,0
"SODM_MOUSE",1,0,0,0,0,0
"CX6B1_MOUSE",0,1,0,0,0,0
"EIF1B_MOUSE",0,1,0,0,0,0
"K2C1_MOUSE",4,4,8,3,4,7
"TBA1B_MOUSE",1,0,1,16,17,19
"K1C42_MOUSE",0,4,0,2,6,6
"RL7A_MOUSE",0,1,0,4,1,7
"ANXA4_MOUSE",0,0,0,13,6,13
"CKAP4_MOUSE",0,0,0,9,10,13
"PLIN3_MOUSE",0,0,0,9,5,10
"RHOA_MOUSE",0,0,0,6,5,8
"F10A1_MOUSE",0,0,0,4,1,5
"LMAN1_MOUSE",0,0,0,3,2,6
"RL5_MOUSE",0,0,0,3,2,5
"DC1I2_MOUSE",0,0,0,3,2,5
"MLEC_MOUSE",0,0,0,3,1,4
"SURF4_MOUSE",0,0,0,3,1,3
"RS12_MOUSE",0,0,0,2,1,4
"GRP75_MOUSE",0,0,0,1,1,1
"ARL1_MOUSE",0,0,0,1,1,1
"ASSY_MOUSE",1,0,0,3,0,8
"RS10_MOUSE",0,3,0,3,0,5
"RS24_MOUSE",0,2,0,1,0,4
"RL38_MOUSE",0,2,0,1,0,3
"H2B1B_MOUSE",0,1,0,3,0,3
"RLA1_MOUSE",0,0,2,5,0,4
"FRIL1_MOUSE",0,0,0,4,0,7
"RS13_MOUSE",0,0,0,4,0,4
"ES8L2_MOUSE",0,0,0,4,0,2
"GLRX3_MOUSE",0,0,0,3,0,7
"KCY_MOUSE",0,0,0,2,0,4
"UFM1_MOUSE",0,0,0,1,0,3
"IF5_MOUSE",0,0,0,1,0,3
"PSME1_MOUSE",0,0,0,1,0,3
"DYL1_MOUSE",0,0,0,1,0,2
"HMGN5_MOUSE",0,0,0,1,0,1
"IF2P_MOUSE",0,0,0,1,0,1
"PA1B3_MOUSE",0,0,0,1,0,1
"DESP_MOUSE",0,0,0,0,5,2
"RL35A_MOUSE",0,1,0,0,0,1
"SKP1_MOUSE",0,0,0,3,0,0
"K2C6B_MOUSE",0,0,0,3,0,0
"CDD_MOUSE",0,0,0,2,0,0
"PRRC1_MOUSE",0,0,0,1,0,0
"VTNC_MOUSE",0,0,0,1,0,0
"UFD1_MOUSE",0,0,0,1,0,0
"TNPO2_MOUSE",0,0,0,1,0,0
"ZNT7_MOUSE",0,0,0,1,0,0
"RYR2_MOUSE",0,0,0,0,0,3
"P5CR3_MOUSE",0,0,0,0,0,2
"CBR1_MOUSE",0,0,0,0,0,2
"TMX1_MOUSE",0,0,0,0,0,2
"EMIL1_MOUSE",0,0,0,0,0,1
"ISG20_MOUSE",0,0,0,0,0,1
"FCL_MOUSE",0,0,0,0,0,1
"TOIP2_MOUSE",0,0,0,0,0,1
"GBG12_MOUSE",0,0,0,0,0,1
"ARHG1_MOUSE",0,0,0,0,0,1
"ZN276_MOUSE",0,0,0,0,0,1
"3BHS1_MOUSE",1,0,0,0,0,0
"THIOM_MOUSE",1,0,0,0,0,0
"VATG1_MOUSE",0,1,0,0,0,0
"EIF1_MOUSE",0,1,0,0,0,0
"TYB4_MOUSE",0,1,0,0,0,0
"APOC2_MOUSE",0,0,1,0,0,0
"ACTG_MOUSE",13,6,11,32,24,43
"ACTB_MOUSE",13,6,11,32,24,43
"K1C10_MOUSE",6,3,4,5,4,11
"HBA_MOUSE",4,3,5,16,5,20
"K2C5_MOUSE",4,4,0,3,7,5
"RL11_MOUSE",2,0,0,2,1,3
"PDIA6_MOUSE",1,0,0,23,12,21
"LEG9_MOUSE",1,0,0,7,2,6
"IF4A2_MOUSE",1,0,0,6,6,10
"RRBP1_MOUSE",1,0,0,6,4,7
"EI3JA_MOUSE",0,2,0,8,1,6
"RS27L_MOUSE",0,2,0,2,1,2
"H13_MOUSE",0,2,0,1,1,2
"CALM3_MOUSE",0,0,3,11,1,4
"CALM2_MOUSE",0,0,3,11,1,4
"CALM1_MOUSE",0,0,3,11,1,4
"IF4G1_MOUSE",0,0,1,2,1,1
"PDIA4_MOUSE",0,0,0,24,26,18
"RPN1_MOUSE",0,0,0,12,7,18
"OST48_MOUSE",0,0,0,10,6,11
"1433T_MOUSE",0,0,0,8,5,10
"SYLC_MOUSE",0,0,0,6,10,12
"SYSC_MOUSE",0,0,0,6,4,14
"MVP_MOUSE",0,0,0,5,6,20
"HS71A_MOUSE",0,0,0,5,3,6
"HS71B_MOUSE",0,0,0,5,3,6
"SYQ_MOUSE",0,0,0,5,2,8
"CAPG_MOUSE",0,0,0,5,2,7
"AIMP2_MOUSE",0,0,0,5,2,5
"EF1D_MOUSE",0,0,0,5,1,9
"AT2A2_MOUSE",0,0,0,4,5,6
"IF2B_MOUSE",0,0,0,4,1,5
"RL9_MOUSE",0,0,0,4,1,4
"HS105_MOUSE",0,0,0,3,4,17
"UBA5_MOUSE",0,0,0,3,4,4
"GNAI2_MOUSE",0,0,0,3,3,9
"4F2_MOUSE",0,0,0,3,3,4
"PSG22_MOUSE",0,0,0,3,2,3
"IPO9_MOUSE",0,0,0,3,1,5
"BZW1_MOUSE",0,0,0,3,1,3
"RS6_MOUSE",0,0,0,3,1,3
"K1C14_MOUSE",0,0,0,2,9,6
"CAZA1_MOUSE",0,0,0,2,2,9
"ELP1_MOUSE",0,0,0,2,2,5
"SRPRB_MOUSE",0,0,0,2,2,4
"RS5_MOUSE",0,0,0,2,2,4
"TBC15_MOUSE",0,0,0,2,2,1
"SEPT9_MOUSE",0,0,0,2,1,5
"RAC1_MOUSE",0,0,0,2,1,5
"EIF3D_MOUSE",0,0,0,2,1,4
"ADT1_MOUSE",0,0,0,2,1,4
"MPCP_MOUSE",0,0,0,2,1,4
"ELP3_MOUSE",0,0,0,2,1,4
"SSRD_MOUSE",0,0,0,2,1,3
"ABCF1_MOUSE",0,0,0,1,2,7
"RAB2A_MOUSE",0,0,0,1,2,3
"SYMC_MOUSE",0,0,0,1,2,3
"GIT2_MOUSE",0,0,0,1,2,3
"E41L2_MOUSE",0,0,0,1,2,2
"VGFR1_MOUSE",0,0,0,1,2,2
"MAGD1_MOUSE",0,0,0,1,2,1
"BAP31_MOUSE",0,0,0,1,1,3
"OBSL1_MOUSE",0,0,0,1,1,3
"DEGS1_MOUSE",0,0,0,1,1,2
"PLAC8_MOUSE",0,0,0,1,1,2
"PR2C5_MOUSE",0,0,0,1,1,1
"WNK1_MOUSE",0,0,0,1,1,1
"RL19_MOUSE",0,0,0,1,1,1
"MORC3_MOUSE",0,0,0,1,1,1
"K2C73_MOUSE",3,3,6,0,4,4
"K2C6A_MOUSE",4,4,0,3,0,4
"LEG3_MOUSE",1,4,0,5,0,6
"PTMA_MOUSE",1,1,0,1,0,1
"H2B1M_MOUSE",0,1,1,3,0,3
"H2B1C_MOUSE",0,1,1,3,0,3
"H2B2B_MOUSE",0,1,1,3,0,3
"VDAC1_MOUSE",2,0,0,2,0,9
"PCBP2_MOUSE",1,0,0,2,0,2
"THIKA_MOUSE",1,0,0,1,0,1
"RL27A_MOUSE",0,3,0,1,0,3
"RL14_MOUSE",0,2,0,2,0,3
"RL24_MOUSE",0,2,0,2,0,3
"TNR9_MOUSE",0,2,0,2,0,2
"TSP_MOUSE",0,2,0,1,0,2
"H2B1P_MOUSE",0,1,0,3,0,3
"H2B1K_MOUSE",0,1,0,3,0,3
"H2B1F_MOUSE",0,1,0,3,0,3
"H14_MOUSE",0,1,0,1,0,2
"RL37A_MOUSE",0,1,0,1,0,1
"RL31_MOUSE",0,1,0,1,0,1
"RS30_MOUSE",0,1,0,1,0,1
"RL26_MOUSE",0,1,0,1,0,1
"K2C75_MOUSE",0,0,6,3,6,0
"B3AT_MOUSE",0,0,0,9,6,0
"RHOC_MOUSE",0,0,0,6,0,8
"NP1L4_MOUSE",0,0,0,6,0,8
"GBB1_MOUSE",0,0,0,6,0,7
"PRS7_MOUSE",0,0,0,5,0,9
"FLNA_MOUSE",0,0,0,5,0,8
"GBB4_MOUSE",0,0,0,5,0,7
"RHG01_MOUSE",0,0,0,5,0,2
"ABCE1_MOUSE",0,0,0,5,0,2
"NUCB2_MOUSE",0,0,0,5,0,1
"PNPH_MOUSE",0,0,0,4,0,7
"VAPA_MOUSE",0,0,0,4,0,6
"NP1L1_MOUSE",0,0,0,4,0,6
"TMEDA_MOUSE",0,0,0,4,0,4
"UBXN1_MOUSE",0,0,0,3,1,0
"GNAS1_MOUSE",0,0,0,3,1,0
"AGM1_MOUSE",0,0,0,3,0,3
"OSBP1_MOUSE",0,0,0,3,0,3
"RALB_MOUSE",0,0,0,3,0,3
"SEP11_MOUSE",0,0,0,3,0,3
"ECM29_MOUSE",0,0,0,2,1,0
"SRP68_MOUSE",0,0,0,2,1,0
"NACA_MOUSE",0,0,0,2,1,0
"RAC3_MOUSE",0,0,0,2,1,0
"ARC1B_MOUSE",0,0,0,2,0,10
"PRDX6_MOUSE",0,0,0,2,0,8
"PRS10_MOUSE",0,0,0,2,0,7
"RL7_MOUSE",0,0,0,2,0,6
"SC22B_MOUSE",0,0,0,2,0,6
"ESTD_MOUSE",0,0,0,2,0,5
"STT3A_MOUSE",0,0,0,2,0,4
"RL13A_MOUSE",0,0,0,2,0,4
"SSRA_MOUSE",0,0,0,2,0,3
"GMPPA_MOUSE",0,0,0,2,0,3
"S61A1_MOUSE",0,0,0,2,0,2
"FNTA_MOUSE",0,0,0,2,0,2
"PCBP3_MOUSE",0,0,0,2,0,2
"BIN2_MOUSE",0,0,0,2,0,2
"DAD1_MOUSE",0,0,0,2,0,2
"MTAP_MOUSE",0,0,0,2,0,1
"UBFD1_MOUSE",0,0,0,2,0,1
"TKFC_MOUSE",0,0,0,2,0,1
"ABRAL_MOUSE",0,0,0,2,0,1
"LRRF1_MOUSE",0,0,0,1,1,0
"ERF3A_MOUSE",0,0,0,1,1,0
"RAB18_MOUSE",0,0,0,1,1,0
"AP1B1_MOUSE",0,0,0,1,1,0
"XPP1_MOUSE",0,0,0,1,0,5
"UBP14_MOUSE",0,0,0,1,0,5
"RL10A_MOUSE",0,0,0,1,0,5
"PA1B2_MOUSE",0,0,0,1,0,4
"RCN2_MOUSE",0,0,0,1,0,3
"CYB5_MOUSE",0,0,0,1,0,2
"ELOC_MOUSE",0,0,0,1,0,2
"ELP2_MOUSE",0,0,0,1,0,2
"RL22L_MOUSE",0,0,0,1,0,2
"PAIRB_MOUSE",0,0,0,1,0,2
"GPX4_MOUSE",0,0,0,1,0,2
"CUL7_MOUSE",0,0,0,1,0,2
"SGTA_MOUSE",0,0,0,1,0,2
"MCFD2_MOUSE",0,0,0,1,0,1
"UBQL1_MOUSE",0,0,0,1,0,1
"RS26_MOUSE",0,0,0,1,0,1
"SSRG_MOUSE",0,0,0,1,0,1
"SC61G_MOUSE",0,0,0,1,0,1
"STK24_MOUSE",0,0,0,1,0,1
"DUS6_MOUSE",0,0,0,1,0,1
"DUS7_MOUSE",0,0,0,1,0,1
"UCHL4_MOUSE",0,0,0,1,0,1
"RL28_MOUSE",0,0,0,1,0,1
"DYLT1_MOUSE",0,0,0,1,0,1
"SC11A_MOUSE",0,0,0,1,0,1
"ROA3_MOUSE",0,0,0,1,0,1
"PLCH1_MOUSE",0,0,0,1,0,1
"MAP4_MOUSE",0,0,0,1,0,1
"ACLY_MOUSE",0,0,0,0,3,13
"K2C79_MOUSE",0,0,0,0,3,1
"ASNS_MOUSE",0,0,0,0,2,9
"SRC8_MOUSE",0,0,0,0,2,2
"SEPT6_MOUSE",0,0,0,0,2,1
"HDAC6_MOUSE",0,0,0,0,1,4
"LYZ1_MOUSE",0,0,0,0,1,1
"BAX_MOUSE",0,0,0,0,1,1
"CCDC6_MOUSE",0,0,0,0,1,1
"ALG5_MOUSE",0,0,0,0,1,1
"WNK3_MOUSE",0,0,0,0,1,1
"OSTC_MOUSE",0,0,0,0,1,1
"INF2_MOUSE",0,0,0,0,1,1
"CMTR2_MOUSE",0,0,0,0,1,1
"K1C17_MOUSE",3,4,0,0,7,0
"COX5B_MOUSE",1,2,0,1,0,0
"H32_MOUSE",1,0,0,1,0,0
"MAGI1_MOUSE",1,0,0,0,1,0
"3BHS6_MOUSE",1,0,0,0,0,4
"SYNE2_MOUSE",1,0,0,0,0,2
"THIKB_MOUSE",1,0,0,0,0,1
"IF4H_MOUSE",0,2,0,1,0,0
"K1C16_MOUSE",0,2,0,0,2,0
"T22D1_MOUSE",0,1,0,1,0,0
"CDV3_MOUSE",0,1,0,0,0,2
"RL36_MOUSE",0,1,0,0,0,2
"RS28_MOUSE",0,1,0,0,0,1
"K1C28_MOUSE",0,0,2,0,0,2
"GORS2_MOUSE",0,0,0,4,0,0
"TLN2_MOUSE",0,0,0,4,0,0
"FAF2_MOUSE",0,0,0,3,0,0
"NXP20_MOUSE",0,0,0,3,0,0
"GNAS2_MOUSE",0,0,0,3,0,0
"SIR2_MOUSE",0,0,0,3,0,0
"VASP_MOUSE",0,0,0,3,0,0
"SYFA_MOUSE",0,0,0,3,0,0
"IMA3_MOUSE",0,0,0,2,0,0
"DC1L1_MOUSE",0,0,0,2,0,0
"RAB5A_MOUSE",0,0,0,2,0,0
"CHMP5_MOUSE",0,0,0,1,0,0
"RS15_MOUSE",0,0,0,1,0,0
"RL10L_MOUSE",0,0,0,1,0,0
"SNAB_MOUSE",0,0,0,1,0,0
"SDHA_MOUSE",0,0,0,1,0,0
"MAP1B_MOUSE",0,0,0,1,0,0
"THIL_MOUSE",0,0,0,1,0,0
"HSPB1_MOUSE",0,0,0,1,0,0
"CSN7A_MOUSE",0,0,0,1,0,0
"WFS1_MOUSE",0,0,0,1,0,0
"MP2K2_MOUSE",0,0,0,1,0,0
"UN45A_MOUSE",0,0,0,1,0,0
"VP37A_MOUSE",0,0,0,1,0,0
"DNA2_MOUSE",0,0,0,1,0,0
"ARBK2_MOUSE",0,0,0,1,0,0
"ARBK1_MOUSE",0,0,0,1,0,0
"VDAC3_MOUSE",0,0,0,1,0,0
"SLK_MOUSE",0,0,0,1,0,0
"FND3B_MOUSE",0,0,0,1,0,0
"PGBM_MOUSE",0,0,0,1,0,0
"NUP93_MOUSE",0,0,0,1,0,0
"FINC_MOUSE",0,0,0,1,0,0
"MMS19_MOUSE",0,0,0,1,0,0
"SIL1_MOUSE",0,0,0,1,0,0
"GNA13_MOUSE",0,0,0,1,0,0
"IFG15_MOUSE",0,0,0,1,0,0
"SQSTM_MOUSE",0,0,0,1,0,0
"ECHB_MOUSE",0,0,0,1,0,0
"ERF3B_MOUSE",0,0,0,1,0,0
"AL3B1_MOUSE",0,0,0,1,0,0
"AL3B3_MOUSE",0,0,0,1,0,0
"AL3B2_MOUSE",0,0,0,1,0,0
"BAG6_MOUSE",0,0,0,1,0,0
"DPM1_MOUSE",0,0,0,1,0,0
"TOM1_MOUSE",0,0,0,1,0,0
"TS101_MOUSE",0,0,0,1,0,0
"PP1G_MOUSE",0,0,0,1,0,0
"PP1B_MOUSE",0,0,0,1,0,0
"DAPK3_MOUSE",0,0,0,1,0,0
"SAC1_MOUSE",0,0,0,1,0,0
"TPD54_MOUSE",0,0,0,1,0,0
"ADRM1_MOUSE",0,0,0,1,0,0
"SPTB1_MOUSE",0,0,0,1,0,0
"DOCK5_MOUSE",0,0,0,1,0,0
"EI2BD_MOUSE",0,0,0,1,0,0
"GRN_MOUSE",0,0,0,1,0,0
"PGRC2_MOUSE",0,0,0,1,0,0
"XPO7_MOUSE",0,0,0,1,0,0
"ARRB1_MOUSE",0,0,0,1,0,0
"CE051_MOUSE",0,0,0,1,0,0
"AP3B1_MOUSE",0,0,0,1,0,0
"MYO1E_MOUSE",0,0,0,1,0,0
"ROP1_MOUSE",0,0,0,1,0,0
"COG1_MOUSE",0,0,0,1,0,0
"BANK1_MOUSE",0,0,0,1,0,0
"CFA54_MOUSE",0,0,0,1,0,0
"PRAX_MOUSE",0,0,0,1,0,0
"MYO5A_MOUSE",0,0,0,1,0,0
"LRIT1_MOUSE",0,0,0,1,0,0
"G3PT_MOUSE",0,0,0,0,3,0
"ICAL_MOUSE",0,0,0,0,2,0
"DSG1A_MOUSE",0,0,0,0,2,0
"K1C12_MOUSE",0,0,0,0,2,0
"DHB7_MOUSE",0,0,0,0,1,0
"PKP1_MOUSE",0,0,0,0,1,0
"RS27_MOUSE",0,0,0,0,1,0
"IPO4_MOUSE",0,0,0,0,1,0
"FLII_MOUSE",0,0,0,0,1,0
"SE1L1_MOUSE",0,0,0,0,1,0
"PEX5_MOUSE",0,0,0,0,1,0
"RAC2_MOUSE",0,0,0,0,1,0
"ANM1_MOUSE",0,0,0,0,1,0
"PUR6_MOUSE",0,0,0,0,1,0
"GBRG2_MOUSE",0,0,0,0,1,0
"DHB12_MOUSE",0,0,0,0,1,0
"MYO10_MOUSE",0,0,0,0,1,0
"OSCP1_MOUSE",0,0,0,0,1,0
"ZN207_MOUSE",0,0,0,0,1,0
"41_MOUSE",0,0,0,0,1,0
"ANKS6_MOUSE",0,0,0,0,1,0
"UBP28_MOUSE",0,0,0,0,1,0
"DIAP2_MOUSE",0,0,0,0,1,0
"MYOM1_MOUSE",0,0,0,0,1,0
"EMAL5_MOUSE",0,0,0,0,1,0
"ITPR2_MOUSE",0,0,0,0,1,0
"DMXL1_MOUSE",0,0,0,0,1,0
"LAMB1_MOUSE",0,0,0,0,0,18
"ACTS_MOUSE",0,0,0,0,0,13
"TBB6_MOUSE",0,0,0,0,0,11
"ARF3_MOUSE",0,0,0,0,0,7
"SC23A_MOUSE",0,0,0,0,0,4
"DCTN1_MOUSE",0,0,0,0,0,4
"AP2B1_MOUSE",0,0,0,0,0,4
"KT33B_MOUSE",0,0,0,0,0,4
"K1H1_MOUSE",0,0,0,0,0,4
"H2A2B_MOUSE",0,0,0,0,0,3
"PRPS2_MOUSE",0,0,0,0,0,3
"BCAT1_MOUSE",0,0,0,0,0,3
"RAB10_MOUSE",0,0,0,0,0,3
"KRT34_MOUSE",0,0,0,0,0,3
"DEOC_MOUSE",0,0,0,0,0,3
"AN32B_MOUSE",0,0,0,0,0,3
"DX39A_MOUSE",0,0,0,0,0,3
"TPM1_MOUSE",0,0,0,0,0,3
"ATPO_MOUSE",0,0,0,0,0,2
"HNRPF_MOUSE",0,0,0,0,0,2
"COX2_MOUSE",0,0,0,0,0,2
"IPO7_MOUSE",0,0,0,0,0,2
"TALDO_MOUSE",0,0,0,0,0,2
"PPGB_MOUSE",0,0,0,0,0,2
"SEP15_MOUSE",0,0,0,0,0,2
"C1TC_MOUSE",0,0,0,0,0,2
"SEPT8_MOUSE",0,0,0,0,0,2
"CUL1_MOUSE",0,0,0,0,0,2
"PREP_MOUSE",0,0,0,0,0,2
"TMED3_MOUSE",0,0,0,0,0,2
"CLIC6_MOUSE",0,0,0,0,0,2
"PHB_MOUSE",0,0,0,0,0,2
"CSN1_MOUSE",0,0,0,0,0,2
"CAH3_MOUSE",0,0,0,0,0,2
"THUM2_MOUSE",0,0,0,0,0,2
"HECAM_MOUSE",0,0,0,0,0,2
"NRDC_MOUSE",0,0,0,0,0,2
"CLC14_MOUSE",0,0,0,0,0,2
"MON2_MOUSE",0,0,0,0,0,2
"DOCK1_MOUSE",0,0,0,0,0,2
"SAM9L_MOUSE",0,0,0,0,0,2
"ITPR3_MOUSE",0,0,0,0,0,2
"PDE8A_MOUSE",0,0,0,0,0,2
"H11_MOUSE",0,0,0,0,0,1
"UB2D2_MOUSE",0,0,0,0,0,1
"T120A_MOUSE",0,0,0,0,0,1
"UBP15_MOUSE",0,0,0,0,0,1
"CD82_MOUSE",0,0,0,0,0,1
"HNRH1_MOUSE",0,0,0,0,0,1
"SPCS3_MOUSE",0,0,0,0,0,1
"UBP47_MOUSE",0,0,0,0,0,1
"ROA2_MOUSE",0,0,0,0,0,1
"ENTP1_MOUSE",0,0,0,0,0,1
"UBC12_MOUSE",0,0,0,0,0,1
"AACS_MOUSE",0,0,0,0,0,1
"SYYC_MOUSE",0,0,0,0,0,1
"ERLN2_MOUSE",0,0,0,0,0,1
"HNRPU_MOUSE",0,0,0,0,0,1
"COX41_MOUSE",0,0,0,0,0,1
"MFAP5_MOUSE",0,0,0,0,0,1
"AMPD2_MOUSE",0,0,0,0,0,1
"TSSK2_MOUSE",0,0,0,0,0,1
"TSSK1_MOUSE",0,0,0,0,0,1
"SMCA4_MOUSE",0,0,0,0,0,1
"DAAM2_MOUSE",0,0,0,0,0,1
"SPTC3_MOUSE",0,0,0,0,0,1
"RHG12_MOUSE",0,0,0,0,0,1
"CIC_MOUSE",0,0,0,0,0,1
"CYFP1_MOUSE",0,0,0,0,0,1
"MYO1D_MOUSE",0,0,0,0,0,1
"RHG31_MOUSE",0,0,0,0,0,1
"CCHCR_MOUSE",0,0,0,0,0,1
"TGRM1_MOUSE",0,0,0,0,0,1
"ADCY8_MOUSE",0,0,0,0,0,1
"WDR35_MOUSE",0,0,0,0,0,1
"TDRD5_MOUSE",0,0,0,0,0,1
"SCUB1_MOUSE",0,0,0,0,0,1
"CA2D3_MOUSE",0,0,0,0,0,1
"TBC9B_MOUSE",0,0,0,0,0,1
"DAPK1_MOUSE",0,0,0,0,0,1
"FZD8_MOUSE",0,0,0,0,0,1
"FXR1_MOUSE",0,0,0,0,0,1
"KMT2C_MOUSE",0,0,0,0,0,1
"TRPM7_MOUSE",0,0,0,0,0,1
"UTP20_MOUSE",0,0,0,0,0,1
"BTBD7_MOUSE",0,0,0,0,0,1
"RPAP3_MOUSE",0,0,0,0,0,1
"IMDH1_MOUSE",0,0,0,0,0,1
"IL16_MOUSE",0,0,0,0,0,1
"GOGA3_MOUSE",0,0,0,0,0,1
"UBR2_MOUSE",0,0,0,0,0,1
"ATG9B_MOUSE",0,0,0,0,0,1
"MK08_MOUSE",0,0,0,0,0,1
"MYLK4_MOUSE",0,0,0,0,0,1
"MK10_MOUSE",0,0,0,0,0,1
"MYLK2_MOUSE",0,0,0,0,0,1
"MYLK_MOUSE",0,0,0,0,0,1
"RBP2_MOUSE",0,0,0,0,0,1
"FANCI_MOUSE",0,0,0,0,0,1
"CAD11_MOUSE",0,0,0,0,0,1
"PIGR_MOUSE",0,0,0,0,0,1
"GAK_MOUSE",0,0,0,0,0,1
"KAD5_MOUSE",0,0,0,0,0,1
"RPAP1_MOUSE",0,0,0,0,0,1
"TAF6_MOUSE",0,0,0,0,0,1
"AT132_MOUSE",0,0,0,0,0,1
"NFKB2_MOUSE",0,0,0,0,0,1
"MUG1_MOUSE",0,0,0,0,0,1
"TOM20_MOUSE",1,1,0,0,0,0
"MTLN_MOUSE",1,1,0,0,0,0
"HSP72_MOUSE",1,1,0,0,0,0
"QCR9_MOUSE",1,1,0,0,0,0
"GLUC_MOUSE",1,1,0,0,0,0
"GALC_MOUSE",3,0,0,0,0,0
"FLNC_MOUSE",1,0,0,0,0,0
"ATPD_MOUSE",1,0,0,0,0,0
"CISD1_MOUSE",1,0,0,0,0,0
"SIAE_MOUSE",1,0,0,0,0,0
"MIC10_MOUSE",1,0,0,0,0,0
"COX6C_MOUSE",1,0,0,0,0,0
"PHB2_MOUSE",1,0,0,0,0,0
"RL40_MOUSE",1,0,0,0,0,0
"UBB_MOUSE",1,0,0,0,0,0
"UBC_MOUSE",1,0,0,0,0,0
"RANT_MOUSE",1,0,0,0,0,0
"ACADS_MOUSE",1,0,0,0,0,0
"S10A1_MOUSE",1,0,0,0,0,0
"CSN8_MOUSE",1,0,0,0,0,0
"PKHF2_MOUSE",1,0,0,0,0,0
"MIC60_MOUSE",1,0,0,0,0,0
"CX7A2_MOUSE",1,0,0,0,0,0
"GKN2_MOUSE",1,0,0,0,0,0
"VATF_MOUSE",1,0,0,0,0,0
"ENOG_MOUSE",1,0,0,0,0,0
"ENOB_MOUSE",1,0,0,0,0,0
"PT117_MOUSE",1,0,0,0,0,0
"BSCL2_MOUSE",1,0,0,0,0,0
"WDR43_MOUSE",1,0,0,0,0,0
"EXOC4_MOUSE",1,0,0,0,0,0
"ITSN1_MOUSE",1,0,0,0,0,0
"DLRB1_MOUSE",0,3,0,0,0,0
"H2AV_MOUSE",0,2,0,0,0,0
"H2AZ_MOUSE",0,2,0,0,0,0
"CHCH2_MOUSE",0,2,0,0,0,0
"RL21_MOUSE",0,1,0,0,0,0
"RL22_MOUSE",0,1,0,0,0,0
"AEGP_MOUSE",0,1,0,0,0,0
"ATP5I_MOUSE",0,1,0,0,0,0
"H2B3B_MOUSE",0,1,0,0,0,0
"H2B2E_MOUSE",0,1,0,0,0,0
"H2B3A_MOUSE",0,1,0,0,0,0
"H2B1A_MOUSE",0,1,0,0,0,0
"PI42C_MOUSE",0,1,0,0,0,0
"UIMC1_MOUSE",0,1,0,0,0,0
"SCN9A_MOUSE",0,1,0,0,0,0
"CE022_MOUSE",0,1,0,0,0,0
"ENSA_MOUSE",0,1,0,0,0,0
"SKOR2_MOUSE",0,1,0,0,0,0
"EGF_MOUSE",0,1,0,0,0,0
"H2A2C_MOUSE",0,0,5,0,0,0
"H2A2A_MOUSE",0,0,5,0,0,0
"APOA2_MOUSE",0,0,2,0,0,0
"LALBA_MOUSE",0,0,2,0,0,0
"APOC3_MOUSE",0,0,1,0,0,0
"FIBB_MOUSE",0,0,1,0,0,0
"FIBA_MOUSE",0,0,1,0,0,0
"PRVA_MOUSE",0,0,1,0,0,0
"DPH2_MOUSE",0,0,1,0,0,0
"GLT18_MOUSE",0,0,1,0,0,0
"BIG3_MOUSE",0,0,1,0,0,0
"C170B_MOUSE",0,0,1,0,0,0
"PLRG1_MOUSE",0,0,1,0,0,0
