"Accession.Number","S3","S4","S5","P3","P4","P5","ProteinID","Accession.New","MouseGeneName"
"1433B_MOUSE",1,0,0,10,4,8,"Q9CQV8","1433B_MOUSE","Ywhab"
"1433E_MOUSE",1,0,0,9,7,10,"P62259","1433E_MOUSE","Ywhae"
"1433F_MOUSE",0,0,0,3,0,5,"P68510","1433F_MOUSE","Ywhah"
"1433G_MOUSE",0,0,0,8,6,6,"P61982","1433G_MOUSE","Ywhag"
"1433S_MOUSE",0,0,0,3,0,3,"O70456","1433S_MOUSE","Sfn"
"1433T_MOUSE",0,0,0,8,5,10,"P68254","1433T_MOUSE","Ywhaq"
"1433Z_MOUSE",1,0,0,10,11,9,"P63101","1433Z_MOUSE","Ywhaz"
"2AAA_MOUSE",0,0,0,5,3,13,"Q76MZ3","2AAA_MOUSE","Ppp2r1a"
"3BHS6_MOUSE",1,0,0,0,0,4,"O35469","3BHS6_MOUSE","Hsd3b6"
"4F2_MOUSE",0,0,0,3,3,4,"P10852","4F2_MOUSE","Slc3a2"
"6PGD_MOUSE",0,0,0,4,2,6,"Q9DCD0","6PGD_MOUSE","Pgd"
"AATC_MOUSE",0,0,0,8,0,10,"P05201","AATC_MOUSE","Got1"
"AATM_MOUSE",0,0,0,1,0,8,"P05202","AATM_MOUSE","Got2"
"ABCE1_MOUSE",0,0,0,5,0,2,"P61222","ABCE1_MOUSE","Abce1"
"ABCF1_MOUSE",0,0,0,1,2,7,"Q6P542","ABCF1_MOUSE","Abcf1"
"ABRAL_MOUSE",0,0,0,2,0,1,"Q4KML4","ABRAL_MOUSE","Abracl"
"ACBP_MOUSE",0,4,1,5,2,4,"P31786","ACBP_MOUSE","Dbi"
"ACLY_MOUSE",0,0,0,0,3,13,"Q91V92","ACLY_MOUSE","Acly"
"ACTB_MOUSE",13,6,11,32,24,43,"P60710","ACTB_MOUSE","Actb"
"ACTBL_MOUSE",0,0,0,0,8,13,"Q8BFZ3","ACTBL_MOUSE","Actbl2"
"ACTC_MOUSE",0,0,0,16,13,18,"P68033","ACTC_MOUSE","Actc1"
"ACTG_MOUSE",13,6,11,32,24,43,"P63260","ACTG_MOUSE","Actg1"
"ACTN1_MOUSE",0,0,0,0,6,13,"Q7TPR4","ACTN1_MOUSE","Actn1"
"ACTN4_MOUSE",0,0,0,7,8,16,"P57780","ACTN4_MOUSE","Actn4"
"ACTZ_MOUSE",0,0,0,2,0,6,"P61164","ACTZ_MOUSE","Actr1a"
"ADA_MOUSE",0,0,0,14,8,19,"P03958","ADA_MOUSE","Ada"
"ADHX_MOUSE",0,0,0,4,0,7,"P28474","ADHX_MOUSE","Adh5"
"ADT1_MOUSE",0,0,0,2,1,4,"P48962","ADT1_MOUSE","Slc25a4"
"ADT2_MOUSE",0,0,0,2,0,3,"P51881","ADT2_MOUSE","Slc25a5"
"AGM1_MOUSE",0,0,0,3,0,3,"Q9CYR6","AGM1_MOUSE","Pgm3"
"AHSA1_MOUSE",0,0,0,2,0,4,"Q8BK64","AHSA1_MOUSE","Ahsa1"
"AIMP1_MOUSE",0,0,0,3,0,5,"P31230","AIMP1_MOUSE","Aimp1"
"AIMP2_MOUSE",0,0,0,5,2,5,"Q8R010","AIMP2_MOUSE","Aimp2"
"AK1A1_MOUSE",0,0,0,3,0,4,"Q9JII6","AK1A1_MOUSE","Akr1a1"
"AL7A1_MOUSE",0,0,0,1,0,6,"Q9DBF1","AL7A1_MOUSE","Aldh7a1"
"AL9A1_MOUSE",0,0,0,6,0,11,"Q9JLJ2","AL9A1_MOUSE","Aldh9a1"
"ALBU_MOUSE",2,1,4,9,0,19,"P07724","ALBU_MOUSE","Alb"
"ALDOA_MOUSE",1,1,0,11,1,18,"P05064","ALDOA_MOUSE","Aldoa"
"ALG5_MOUSE",0,0,0,0,1,1,"Q9DB25","ALG5_MOUSE","Alg5"
"AMRP_MOUSE",0,0,0,4,0,2,"P55302","AMRP_MOUSE","Lrpap1"
"ANX11_MOUSE",0,0,0,7,5,12,"P97384","ANX11_MOUSE","Anxa11"
"ANXA2_MOUSE",0,0,0,14,11,21,"P07356","ANXA2_MOUSE","Anxa2"
"ANXA4_MOUSE",0,0,0,13,6,13,"P97429","ANXA4_MOUSE","Anxa4"
"ANXA5_MOUSE",0,0,0,15,9,17,"P48036","ANXA5_MOUSE","Anxa5"
"ANXA6_MOUSE",0,0,0,4,0,8,"P14824","ANXA6_MOUSE","Anxa6"
"ANXA7_MOUSE",0,0,0,5,0,8,"Q07076","ANXA7_MOUSE","Anxa7"
"AP1B1_MOUSE",0,0,0,1,1,0,"O35643","AP1B1_MOUSE","Ap1b1"
"APT_MOUSE",0,0,0,9,3,10,"P08030","APT_MOUSE","Aprt"
"ARC1B_MOUSE",0,0,0,2,0,10,"Q9WV32","ARC1B_MOUSE","Arpc1b"
"ARF1_MOUSE",0,0,0,7,3,7,"P84078","ARF1_MOUSE","Arf1"
"ARF4_MOUSE",0,0,0,6,1,6,"P61750","ARF4_MOUSE","Arf4"
"ARHG6_MOUSE",0,0,0,6,8,12,"Q8K4I3","ARHG6_MOUSE","Arhgef6"
"ARL1_MOUSE",0,0,0,1,1,1,"P61211","ARL1_MOUSE","Arl1"
"ARP2_MOUSE",0,0,0,6,0,10,"P61161","ARP2_MOUSE","Actr2"
"ARP3_MOUSE",0,0,0,9,3,17,"Q99JY9","ARP3_MOUSE","Actr3"
"ARPC2_MOUSE",0,0,0,5,1,7,"Q9CVB6","ARPC2_MOUSE","Arpc2"
"ARPC3_MOUSE",0,0,0,3,0,2,"Q9JM76","ARPC3_MOUSE","Arpc3"
"ARPC4_MOUSE",0,0,0,1,1,7,"P59999","ARPC4_MOUSE","Arpc4"
"ARPC5_MOUSE",0,0,0,2,0,3,"Q9CPW4","ARPC5_MOUSE","Arpc5"
"ASAP2_MOUSE",0,0,0,1,1,0,"Q7SIG6","ASAP2_MOUSE","Asap2"
"ASNS_MOUSE",0,0,0,0,2,9,"Q61024","ASNS_MOUSE","Asns"
"ASSY_MOUSE",1,0,0,3,0,8,"P16460","ASSY_MOUSE","Ass1"
"AT1A1_MOUSE",0,0,0,4,5,5,"Q8VDN2","AT1A1_MOUSE","Atp1a1"
"AT2A2_MOUSE",0,0,0,4,5,6,"O55143","AT2A2_MOUSE","Atp2a2"
"ATOX1_MOUSE",1,3,0,2,0,0,"O08997","ATOX1_MOUSE","Atox1"
"ATPA_MOUSE",0,0,0,10,3,14,"Q03265","ATPA_MOUSE","Atp5f1a"
"ATPB_MOUSE",2,1,0,8,3,20,"P56480","ATPB_MOUSE","Atp5f1b"
"ATX10_MOUSE",0,0,0,17,11,23,"P28658","ATX10_MOUSE","Atxn10"
"B3AT_MOUSE",0,0,0,9,6,0,"P04919","B3AT_MOUSE","Slc4a1"
"BAP31_MOUSE",0,0,0,1,1,3,"Q61335","BAP31_MOUSE","Bcap31"
"BASP1_MOUSE",0,5,1,6,0,0,"Q91XV3","BASP1_MOUSE","Basp1"
"BAX_MOUSE",0,0,0,0,1,1,"Q07813","BAX_MOUSE","Bax"
"BIN2_MOUSE",0,0,0,2,0,2,"D3Z6Q9","BIN2_MOUSE","Bin2"
"BZW1_MOUSE",0,0,0,3,1,3,"Q9CQC6","BZW1_MOUSE","Bzw1"
"C1QT1_MOUSE",0,0,0,2,1,0,"Q9QXP7","C1QT1_MOUSE","C1qtnf1"
"CAH2_MOUSE",0,0,0,11,5,12,"P00920","CAH2_MOUSE","Ca2"
"CALM1_MOUSE",0,0,3,11,1,4,"P0DP26","CALM1_MOUSE","Calm1"
"CALM2_MOUSE",0,0,3,11,1,4,"P0DP27","CALM2_MOUSE","Calm2"
"CALM3_MOUSE",0,0,3,11,1,4,"P0DP28","CALM3_MOUSE","Calm3"
"CALR_MOUSE",0,5,1,43,29,28,"P14211","CALR_MOUSE","Calr"
"CALU_MOUSE",0,4,0,10,3,12,"O35887","CALU_MOUSE","Calu"
"CALX_MOUSE",0,0,0,14,16,16,"P35564","CALX_MOUSE","Canx"
"CAN1_MOUSE",0,0,0,7,6,7,"O35350","CAN1_MOUSE","Capn1"
"CAND1_MOUSE",0,0,0,17,6,17,"Q6ZQ38","CAND1_MOUSE","Cand1"
"CAP1_MOUSE",1,0,0,10,9,16,"P40124","CAP1_MOUSE","Cap1"
"CAPG_MOUSE",0,0,0,5,2,7,"P24452","CAPG_MOUSE","Capg"
"CAPZB_MOUSE",0,0,0,5,3,8,"P47757","CAPZB_MOUSE","Capzb"
"CATB_MOUSE",0,0,0,3,0,7,"P10605","CATB_MOUSE","Ctsb"
"CATD_MOUSE",0,0,0,1,0,3,"P18242","CATD_MOUSE","Ctsd"
"CATM_MOUSE",0,0,0,1,1,3,"Q9JL96","CATM_MOUSE","Ctsm"
"CAZA1_MOUSE",0,0,0,2,2,9,"P47753","CAZA1_MOUSE","Capza1"
"CAZA2_MOUSE",0,0,0,0,1,7,"P47754","CAZA2_MOUSE","Capza2"
"CCDC6_MOUSE",0,0,0,0,1,1,"D3YZP9","CCDC6_MOUSE","Ccdc6"
"CDC37_MOUSE",0,0,0,2,3,4,"Q61081","CDC37_MOUSE","Cdc37"
"CDC42_MOUSE",0,0,0,6,3,4,"P60766","CDC42_MOUSE","Cdc42"
"CDV3_MOUSE",0,1,0,0,0,2,"Q4VAA2","CDV3_MOUSE","Cdv3"
"CEAM5_MOUSE",0,0,0,18,12,23,"Q3UKK2","CEAM5_MOUSE","Ceacam5"
"CH10_MOUSE",0,4,0,2,0,2,"Q64433","CH10_MOUSE","Hspe1"
"CH60_MOUSE",0,0,0,11,2,13,"P63038","CH60_MOUSE","Hspd1"
"CHSP1_MOUSE",0,1,0,0,0,2,"Q9CR86","CHSP1_MOUSE","Carhsp1"
"CISY_MOUSE",0,0,0,1,0,4,"Q9CZU6","CISY_MOUSE","Cs"
"CKAP4_MOUSE",0,0,0,9,10,13,"Q8BMK4","CKAP4_MOUSE","Ckap4"
"CLH1_MOUSE",0,0,0,9,5,30,"Q68FD5","CLH1_MOUSE","Cltc"
"CLIC4_MOUSE",0,0,0,7,1,11,"Q9QYB1","CLIC4_MOUSE","Clic4"
"CMTR2_MOUSE",0,0,0,0,1,1,"Q8BWQ4","CMTR2_MOUSE","Cmtr2"
"CNDP2_MOUSE",0,0,0,7,1,13,"Q9D1A2","CNDP2_MOUSE","Cndp2"
"CNPY2_MOUSE",0,0,0,3,0,2,"Q9QXT0","CNPY2_MOUSE","Cnpy2"
"COF1_MOUSE",0,4,0,8,2,8,"P18760","COF1_MOUSE","Cfl1"
"COPA_MOUSE",0,0,0,9,5,24,"Q8CIE6","COPA_MOUSE","Copa"
"COPB_MOUSE",0,0,0,3,3,12,"Q9JIF7","COPB_MOUSE","Copb1"
"COPB2_MOUSE",0,0,0,5,3,14,"O55029","COPB2_MOUSE","Copb2"
"COPG1_MOUSE",0,0,0,9,8,16,"Q9QZE5","COPG1_MOUSE","Copg1"
"COPZ1_MOUSE",0,0,0,2,1,2,"P61924","COPZ1_MOUSE","Copz1"
"COX5B_MOUSE",1,2,0,1,0,0,"P19536","COX5B_MOUSE","Cox5b"
"CPNS1_MOUSE",0,0,0,5,1,2,"O88456","CPNS1_MOUSE","Capns1"
"CREG1_MOUSE",0,0,0,2,0,3,"O88668","CREG1_MOUSE","Creg1"
"CREL2_MOUSE",0,5,0,9,2,6,"Q9CYA0","CREL2_MOUSE","Creld2"
"CRYAB_MOUSE",3,0,0,0,0,4,"P23927","CRYAB_MOUSE","Cryab"
"CSN3_MOUSE",0,0,0,1,0,3,"O88543","CSN3_MOUSE","Cops3"
"CSRP1_MOUSE",0,3,0,3,0,2,"P97315","CSRP1_MOUSE","Csrp1"
"CUL7_MOUSE",0,0,0,1,0,2,"Q8VE73","CUL7_MOUSE","Cul7"
"CYB5_MOUSE",0,0,0,1,0,2,"P56395","CYB5_MOUSE","Cyb5a"
"CYTB_MOUSE",0,4,0,3,0,4,"Q62426","CYTB_MOUSE","Cstb"
"DAD1_MOUSE",0,0,0,2,0,2,"P61804","DAD1_MOUSE","Dad1"
"DAPK2_MOUSE",0,0,0,3,1,4,"Q8VDF3","DAPK2_MOUSE","Dapk2"
"DC1I2_MOUSE",0,0,0,3,2,5,"O88487","DC1I2_MOUSE","Dync1i2"
"DCTN2_MOUSE",0,0,0,1,0,3,"Q99KJ8","DCTN2_MOUSE","Dctn2"
"DDB1_MOUSE",0,0,0,3,3,31,"Q3U1J4","DDB1_MOUSE","Ddb1"
"DDX3X_MOUSE",0,0,0,6,4,8,"Q62167","DDX3X_MOUSE","Ddx3x"
"DEGS1_MOUSE",0,0,0,1,1,2,"O09005","DEGS1_MOUSE","Degs1"
"DESP_MOUSE",0,0,0,0,5,2,"E9Q557","DESP_MOUSE","Dsp"
"DEST_MOUSE",0,1,0,5,1,5,"Q9R0P5","DEST_MOUSE","Dstn"
"DIAP1_MOUSE",0,0,0,2,2,0,"O08808","DIAP1_MOUSE","Diaph1"
"DJB11_MOUSE",1,0,0,9,9,8,"Q99KV1","DJB11_MOUSE","Dnajb11"
"DNJA1_MOUSE",0,0,0,2,0,3,"P63037","DNJA1_MOUSE","Dnaja1"
"DNJB1_MOUSE",0,0,0,4,0,6,"Q9QYJ3","DNJB1_MOUSE","Dnajb1"
"DNJC3_MOUSE",0,0,0,15,10,16,"Q91YW3","DNJC3_MOUSE","Dnajc3"
"DNPEP_MOUSE",0,0,0,7,2,15,"Q9Z2W0","DNPEP_MOUSE","Dnpep"
"DOPD_MOUSE",0,0,0,1,0,1,"O35215","DOPD_MOUSE","Ddt"
"DPP3_MOUSE",0,0,0,7,4,15,"Q99KK7","DPP3_MOUSE","Dpp3"
"DUS6_MOUSE",0,0,0,1,0,1,"Q9DBB1","DUS6_MOUSE","Dusp6"
"DUS7_MOUSE",0,0,0,1,0,1,"Q91Z46","DUS7_MOUSE","Dusp7"
"DYHC1_MOUSE",0,0,0,31,26,53,"Q9JHU4","DYHC1_MOUSE","Dync1h1"
"DYL1_MOUSE",0,0,0,1,0,2,"P63168","DYL1_MOUSE","Dynll1"
"DYLT1_MOUSE",0,0,0,1,0,1,"P51807","DYLT1_MOUSE","Dynlt1"
"DYN2_MOUSE",0,0,0,5,6,7,"P39054","DYN2_MOUSE","Dnm2"
"E41L1_MOUSE",0,0,0,3,2,0,"Q9Z2H5","E41L1_MOUSE","Epb41l1"
"E41L2_MOUSE",0,0,0,1,2,2,"O70318","E41L2_MOUSE","Epb41l2"
"ECHA_MOUSE",0,0,0,1,0,2,"Q8BMS1","ECHA_MOUSE","Hadha"
"ECM29_MOUSE",0,0,0,2,1,0,"Q6PDI5","ECM29_MOUSE","Ecpas"
"EF1A1_MOUSE",3,1,2,22,18,27,"P10126","EF1A1_MOUSE","Eef1a1"
"EF1B_MOUSE",0,0,0,10,0,6,"O70251","EF1B_MOUSE","Eef1b"
"EF1D_MOUSE",0,0,0,5,1,9,"P57776","EF1D_MOUSE","Eef1d"
"EF1G_MOUSE",0,0,0,12,9,19,"Q9D8N0","EF1G_MOUSE","Eef1g"
"EF2_MOUSE",1,0,0,29,30,35,"P58252","EF2_MOUSE","Eef2"
"EFHD2_MOUSE",0,0,0,5,0,6,"Q9D8Y0","EFHD2_MOUSE","Efhd2"
"EI3JA_MOUSE",0,2,0,8,1,6,"Q3UGC7","EI3JA_MOUSE","Eif3j1"
"EI3JB_MOUSE",0,2,0,8,1,6,"Q66JS6","EI3JB_MOUSE","Eif3j2"
"EIF3A_MOUSE",0,0,0,7,3,10,"P23116","EIF3A_MOUSE","Eif3a"
"EIF3B_MOUSE",0,0,0,5,4,16,"Q8JZQ9","EIF3B_MOUSE","Eif3b"
"EIF3C_MOUSE",0,0,0,4,5,7,"Q8R1B4","EIF3C_MOUSE","Eif3c"
"EIF3D_MOUSE",0,0,0,2,1,4,"O70194","EIF3D_MOUSE","Eif3d"
"EIF3E_MOUSE",0,0,0,9,3,9,"P60229","EIF3E_MOUSE","Eif3e"
"EIF3F_MOUSE",0,0,0,4,0,6,"Q9DCH4","EIF3F_MOUSE","Eif3f"
"EIF3G_MOUSE",1,0,0,1,0,4,"Q9Z1D1","EIF3G_MOUSE","Eif3g"
"EIF3K_MOUSE",0,0,0,2,0,4,"Q9DBZ5","EIF3K_MOUSE","Eif3k"
"EIF3L_MOUSE",0,0,0,4,2,11,"Q8QZY1","EIF3L_MOUSE","Eif3l"
"EIF3M_MOUSE",0,0,0,3,2,9,"Q99JX4","EIF3M_MOUSE","Eif3m"
"ELOC_MOUSE",0,0,0,1,0,2,"P83940","ELOC_MOUSE","Eloc"
"ELP1_MOUSE",0,0,0,2,2,5,"Q7TT37","ELP1_MOUSE","Elp1"
"ELP2_MOUSE",0,0,0,1,0,2,"Q91WG4","ELP2_MOUSE","Elp2"
"ELP3_MOUSE",0,0,0,2,1,4,"Q9CZX0","ELP3_MOUSE","Elp3"
"ENOA_MOUSE",1,0,0,12,6,15,"P17182","ENOA_MOUSE","Eno1"
"ENPL_MOUSE",4,0,2,46,52,41,"P08113","ENPL_MOUSE","Hsp90b1"
"ERF1_MOUSE",0,0,0,1,0,4,"Q8BWY3","ERF1_MOUSE","Etf1"
"ERF3A_MOUSE",0,0,0,1,1,0,"Q8R050","ERF3A_MOUSE","Gspt1"
"ERO1A_MOUSE",0,0,0,18,5,20,"Q8R180","ERO1A_MOUSE","Ero1a"
"ERP29_MOUSE",0,0,0,12,1,9,"P57759","ERP29_MOUSE","Erp29"
"ERP44_MOUSE",0,0,0,14,3,13,"Q9D1Q6","ERP44_MOUSE","Erp44"
"ES8L2_MOUSE",0,0,0,4,0,2,"Q99K30","ES8L2_MOUSE","Eps8l2"
"ESTD_MOUSE",0,0,0,2,0,5,"Q9R0P3","ESTD_MOUSE","Esd"
"EZRI_MOUSE",0,0,0,11,5,12,"P26040","EZRI_MOUSE","Ezr"
"F10A1_MOUSE",0,0,0,4,1,5,"Q99L47","F10A1_MOUSE","St13"
"FA49B_MOUSE",0,0,0,1,0,1,"Q921M7","FA49B_MOUSE","Fam49b"
"FABP5_MOUSE",0,3,0,5,0,6,"Q05816","FABP5_MOUSE","Fabp5"
"FAS_MOUSE",0,0,0,3,1,22,"P19096","FAS_MOUSE","Fasn"
"FBLN7_MOUSE",0,0,0,4,4,0,"Q501P1","FBLN7_MOUSE","Fbln7"
"FBN1_MOUSE",0,0,0,2,6,36,"Q61554","FBN1_MOUSE","Fbn1"
"FBXW8_MOUSE",0,0,0,1,0,1,"Q8BIA4","FBXW8_MOUSE","Fbxw8"
"FERM2_MOUSE",0,0,0,10,6,14,"Q8CIB5","FERM2_MOUSE","Fermt2"
"FILA2_MOUSE",0,0,0,2,1,0,"Q2VIS4","FILA2_MOUSE","Flg2"
"FKB1A_MOUSE",0,1,1,1,0,0,"P26883","FKB1A_MOUSE","Fkbp1a"
"FKBP2_MOUSE",0,2,0,4,0,3,"P45878","FKBP2_MOUSE","Fkbp2"
"FKBP4_MOUSE",0,0,0,1,0,5,"P30416","FKBP4_MOUSE","Fkbp4"
"FLNA_MOUSE",0,0,0,5,0,8,"Q8BTM8","FLNA_MOUSE","Flna"
"FLNB_MOUSE",2,0,0,15,9,48,"Q80X90","FLNB_MOUSE","Flnb"
"FNTA_MOUSE",0,0,0,2,0,2,"Q61239","FNTA_MOUSE","Fnta"
"FOXO4_MOUSE",0,0,0,7,0,8,"Q9WVH3","FOXO4_MOUSE","Foxo4"
"FRIH_MOUSE",0,0,0,2,0,4,"P09528","FRIH_MOUSE","Fth1"
"FRIL1_MOUSE",0,0,0,4,0,7,"P29391","FRIL1_MOUSE","Ftl1"
"FSCN1_MOUSE",0,0,0,8,3,13,"Q61553","FSCN1_MOUSE","Fscn1"
"G3P_MOUSE",0,0,0,16,11,21,"P16858","G3P_MOUSE","Gapdh"
"G6PI_MOUSE",0,0,0,9,0,19,"P06745","G6PI_MOUSE","Gpi"
"GALE_MOUSE",0,0,0,3,0,10,"Q8R059","GALE_MOUSE","Gale"
"GALK1_MOUSE",0,0,0,4,1,10,"Q9R0N0","GALK1_MOUSE","Galk1"
"GANAB_MOUSE",0,0,0,22,13,28,"Q8BHN3","GANAB_MOUSE","Ganab"
"GARS_MOUSE",0,0,0,1,4,6,"Q9CZD3","GARS_MOUSE","Gars1"
"GBB1_MOUSE",0,0,0,6,0,7,"P62874","GBB1_MOUSE","Gnb1"
"GBB2_MOUSE",0,0,0,4,0,5,"P62880","GBB2_MOUSE","Gnb2"
"GBB4_MOUSE",0,0,0,5,0,7,"P29387","GBB4_MOUSE","Gnb4"
"GDIA_MOUSE",0,0,0,4,0,8,"P50396","GDIA_MOUSE","Gdi1"
"GDIB_MOUSE",0,0,0,10,6,21,"Q61598","GDIB_MOUSE","Gdi2"
"GDIR1_MOUSE",0,1,0,9,5,9,"Q99PT1","GDIR1_MOUSE","Arhgdia"
"GELS_MOUSE",0,0,0,21,19,26,"P13020","GELS_MOUSE","Gsn"
"GFPT1_MOUSE",0,0,0,22,24,25,"P47856","GFPT1_MOUSE","Gfpt1"
"GIT2_MOUSE",0,0,0,1,2,3,"Q9JLQ2","GIT2_MOUSE","Git2"
"GLCNE_MOUSE",0,0,0,9,9,12,"Q91WG8","GLCNE_MOUSE","Gne"
"GLRX3_MOUSE",0,0,0,3,0,7,"Q9CQM9","GLRX3_MOUSE","Glrx3"
"GLU2B_MOUSE",0,0,0,7,8,9,"O08795","GLU2B_MOUSE","Prkcsh"
"GLUC_MOUSE",1,1,0,0,0,0,"P55095","GLUC_MOUSE","Gcg"
"GMPPA_MOUSE",0,0,0,2,0,3,"Q922H4","GMPPA_MOUSE","Gmppa"
"GMPPB_MOUSE",0,0,0,8,5,11,"Q8BTZ7","GMPPB_MOUSE","Gmppb"
"GNAI2_MOUSE",0,0,0,3,3,9,"P08752","GNAI2_MOUSE","Gnai2"
"GNAI3_MOUSE",0,0,0,5,2,6,"Q9DC51","GNAI3_MOUSE","Gnai3"
"GNAS1_MOUSE",0,0,0,3,1,0,"Q6R0H7","GNAS1_MOUSE","Gnas"
"GNPI1_MOUSE",0,0,0,2,0,2,"O88958","GNPI1_MOUSE","Gnpda1"
"GPX1_MOUSE",0,0,0,5,0,4,"P11352","GPX1_MOUSE","Gpx1"
"GPX41_MOUSE",0,0,0,1,0,2,"O70325","GPX4_MOUSE","Gpx4"
"GRP75_MOUSE",0,0,0,1,1,1,"P38647","GRP75_MOUSE","Hspa9"
"GRP78_MOUSE",0,0,0,51,39,36,"P20029","BIP_MOUSE","Hspa5"
"GSTP1_MOUSE",0,0,0,3,0,4,"P19157","GSTP1_MOUSE","Gstp1"
"GTR1_MOUSE",0,0,0,4,2,5,"P17809","GTR1_MOUSE","Slc2a1"
"H12_MOUSE",0,0,0,1,0,2,"P15864","H12_MOUSE","H1-2"
"H13_MOUSE",0,2,0,1,1,2,"P43277","H13_MOUSE","H1-3"
"H14_MOUSE",0,1,0,1,0,2,"P43274","H14_MOUSE","H1-4"
"H2AX_MOUSE",0,0,0,6,0,3,"P27661","H2AX_MOUSE","H2ax"
"H2B1B_MOUSE",0,1,0,3,0,3,"Q64475","H2B1B_MOUSE","Hist1h2bb"
"H2B1C_MOUSE",0,1,1,3,0,3,"Q6ZWY9","H2B1C_MOUSE","Hist1h2bc"
"H2B1F_MOUSE",0,1,0,3,0,3,"P10853","H2B1F_MOUSE","Hist1h2bf"
"H2B1H_MOUSE",0,1,1,3,0,3,"Q64478","H2B1H_MOUSE","Hist1h2bh"
"H2B1K_MOUSE",0,1,0,3,0,3,"Q8CGP1","H2B1K_MOUSE","H2bc12"
"H2B1M_MOUSE",0,1,1,3,0,3,"P10854","H2B1M_MOUSE","H2bc14"
"H2B1P_MOUSE",0,1,0,3,0,3,"Q8CGP2","H2B1P_MOUSE","Hist1h2bp"
"H2B2B_MOUSE",0,1,1,3,0,3,"Q64525","H2B2B_MOUSE","Hist2h2bb"
"H4_MOUSE",1,2,0,4,1,6,"P62806","H4_MOUSE","Hist1h4a"
"HBA_MOUSE",4,3,5,16,5,20,"P01942","HBA_MOUSE","Hba"
"HBAZ_MOUSE",0,0,0,9,3,9,"P06467","HBAZ_MOUSE","Hbz"
"HBB1_MOUSE",3,2,8,23,9,24,"P02088","HBB1_MOUSE","Hbb-b1"
"HBB2_MOUSE",3,2,0,0,0,14,"P02089","HBB2_MOUSE","Hbb-b2"
"HBBZ_MOUSE",0,0,0,6,0,9,"P04444","HBBZ_MOUSE","Hbb-bh1"
"HBE_MOUSE",2,0,3,7,4,11,"P02104","HBE_MOUSE","Hbb-y"
"HDAC6_MOUSE",0,0,0,0,1,4,"Q9Z2V5","HDAC6_MOUSE","Hdac6"
"HEM2_MOUSE",0,0,0,8,1,10,"P10518","HEM2_MOUSE","Alad"
"HMGN5_MOUSE",0,0,0,1,0,1,"Q9JL35","HMGN5_MOUSE","Hmgn5"
"HNRPK_MOUSE",0,0,0,1,0,5,"P61979","HNRPK_MOUSE","Hnrnpk"
"HS105_MOUSE",0,0,0,3,4,17,"Q61699","HS105_MOUSE","Hsph1"
"HS71A_MOUSE",0,0,0,5,3,6,"Q61696","HS71A_MOUSE","Hspa1a"
"HS71B_MOUSE",0,0,0,5,3,6,"P17879","HS71B_MOUSE","Hspa1b"
"HS90A_MOUSE",2,1,0,36,35,36,"P07901","HS90A_MOUSE","Hsp90aa1"
"HS90B_MOUSE",2,1,0,36,37,41,"P11499","HS90B_MOUSE","Hsp90ab1"
"HSP72_MOUSE",1,1,0,0,0,0,"P17156","HSP72_MOUSE","Hspa2"
"HSP74_MOUSE",1,0,0,14,13,22,"Q61316","HSP74_MOUSE","Hspa4"
"HSP7C_MOUSE",1,1,0,30,32,33,"P63017","HSP7C_MOUSE","Hspa8"
"HYOU1_MOUSE",0,0,0,32,37,30,"Q9JKR6","HYOU1_MOUSE","Hyou1"
"IDHC_MOUSE",0,0,0,2,0,13,"O88844","IDHC_MOUSE","Idh1"
"IF2A_MOUSE",0,0,0,4,2,6,"Q6ZWX6","IF2A_MOUSE","Eif2s1"
"IF2B_MOUSE",0,0,0,4,1,5,"Q99L45","IF2B_MOUSE","Eif2s2"
"IF2B1_MOUSE",0,0,0,2,1,3,"O88477","IF2B1_MOUSE","Igf2bp1"
"IF2G_MOUSE",0,0,0,6,3,8,"Q9Z0N1","IF2G_MOUSE","Eif2s3x"
"IF2P_MOUSE",0,0,0,1,0,1,"Q05D44","IF2P_MOUSE","Eif5b"
"IF4A1_MOUSE",1,0,0,13,11,16,"P60843","IF4A1_MOUSE","Eif4a1"
"IF4A2_MOUSE",1,0,0,6,6,10,"P10630","IF4A2_MOUSE","Eif4a2"
"IF4G1_MOUSE",0,0,1,2,1,1,"Q6NZJ6","IF4G1_MOUSE","Eif4g1"
"IF4H_MOUSE",0,2,0,1,0,0,"Q9WUK2","IF4H_MOUSE","Eif4h"
"IF5_MOUSE",0,0,0,1,0,3,"P59325","IF5_MOUSE","Eif5"
"IF5A1_MOUSE",1,0,0,6,1,7,"P63242","IF5A1_MOUSE","Eif5a"
"ILEUA_MOUSE",0,0,0,2,0,3,"Q9D154","ILEUA_MOUSE","Serpinb1a"
"IMA4_MOUSE",0,0,0,7,3,9,"O35344","IMA4_MOUSE","Kpna3"
"IMB1_MOUSE",0,0,0,13,13,16,"P70168","IMB1_MOUSE","Kpnb1"
"INF2_MOUSE",0,0,0,0,1,1,"Q0GNC1","INF2_MOUSE","Inf2"
"IPO5_MOUSE",0,0,0,2,2,16,"Q8BKC5","IPO5_MOUSE","Ipo5"
"IPO9_MOUSE",0,0,0,3,1,5,"Q91YE6","IPO9_MOUSE","Ipo9"
"IPYR_MOUSE",0,0,0,1,0,5,"Q9D819","IPYR_MOUSE","Ppa1"
"IQGA1_MOUSE",0,0,0,32,28,51,"Q9JKF1","IQGA1_MOUSE","Iqgap1"
"ITAV_MOUSE",0,0,0,12,6,15,"P43406","ITAV_MOUSE","Itgav"
"ITB1_MOUSE",0,0,0,1,0,6,"P09055","ITB1_MOUSE","Itgb1"
"ITB3_MOUSE",0,0,0,9,4,9,"O54890","ITB3_MOUSE","Itgb3"
"JUPI2_MOUSE",1,1,0,0,0,0,"Q6PGH2","JUPI2_MOUSE","Jpt2"
"K1C10_MOUSE",6,3,4,5,4,11,"P02535","K1C10_MOUSE","Krt10"
"K1C13_MOUSE",4,3,0,4,0,6,"P08730","K1C13_MOUSE","Krt13"
"K1C14_MOUSE",0,0,0,2,9,6,"Q61781","K1C14_MOUSE","Krt14"
"K1C17_MOUSE",3,4,0,0,7,0,"Q9QWL7","K1C17_MOUSE","Krt17"
"K1C18_MOUSE",0,0,0,6,1,11,"P05784","K1C18_MOUSE","Krt18"
"K1C42_MOUSE",0,4,0,2,6,6,"Q6IFX2","K1C42_MOUSE","Krt42"
"K22E_MOUSE",2,0,3,1,4,5,"Q3TTY5","K22E_MOUSE","Krt2"
"K22O_MOUSE",3,0,0,3,4,5,"Q3UV17","K22O_MOUSE","Krt76"
"K2C1_MOUSE",4,4,8,3,4,7,"P04104","K2C1_MOUSE","Krt1"
"K2C1B_MOUSE",0,0,0,3,4,4,"Q6IFZ6","K2C1B_MOUSE","Krt77"
"K2C5_MOUSE",4,4,0,3,7,5,"Q922U2","K2C5_MOUSE","Krt5"
"K2C6A_MOUSE",4,4,0,3,0,4,"P50446","K2C6A_MOUSE","Krt6a"
"K2C72_MOUSE",0,0,0,1,0,2,"Q6IME9","K2C72_MOUSE","Krt72"
"K2C73_MOUSE",3,3,6,0,4,4,"Q6NXH9","K2C73_MOUSE","Krt73"
"K2C75_MOUSE",0,0,6,3,6,0,"Q8BGZ7","K2C75_MOUSE","Krt75"
"K2C79_MOUSE",0,0,0,0,3,1,"Q8VED5","K2C79_MOUSE","Krt79"
"K2C8_MOUSE",0,0,0,4,4,8,"P11679","K2C8_MOUSE","Krt8"
"KAP0_MOUSE",0,0,0,2,0,1,"Q9DBC7","KAP0_MOUSE","Prkar1a"
"KCY_MOUSE",0,0,0,2,0,4,"Q9DBP5","KCY_MOUSE","Cmpk1"
"KINH_MOUSE",0,0,0,2,1,2,"Q61768","KINH_MOUSE","Kif5b"
"KPYM_MOUSE",0,0,0,24,27,30,"P52480","KPYM_MOUSE","Pkm"
"LAMC1_MOUSE",0,0,0,3,0,18,"P02468","LAMC1_MOUSE","Lamc1"
"LASP1_MOUSE",0,2,0,3,2,4,"Q61792","LASP1_MOUSE","Lasp1"
"LDHA_MOUSE",0,0,0,19,14,22,"P06151","LDHA_MOUSE","Ldha"
"LDHB_MOUSE",0,0,0,6,1,9,"P16125","LDHB_MOUSE","Ldhb"
"LEG1_MOUSE",3,6,1,6,6,6,"P16045","LEG1_MOUSE","Lgals1"
"LEG3_MOUSE",1,4,0,5,0,6,"P16110","LEG3_MOUSE","Lgals3"
"LEG9_MOUSE",1,0,0,7,2,6,"O08573","LEG9_MOUSE","Lgals9"
"LG3BP_MOUSE",1,0,0,9,3,8,"Q07797","LG3BP_MOUSE","Lgals3bp"
"LIS1_MOUSE",0,0,0,4,1,6,"P63005","LIS1_MOUSE","Pafah1b1"
"LMAN1_MOUSE",0,0,0,3,2,6,"Q9D0F3","LMAN1_MOUSE","Lman1"
"LMAN2_MOUSE",0,0,0,7,3,9,"Q9DBH5","LMAN2_MOUSE","Lman2"
"LRC59_MOUSE",0,0,0,2,1,5,"Q922Q8","LRC59_MOUSE","Lrrc59"
"LRRF1_MOUSE",0,0,0,1,1,0,"Q3UZ39","LRRF1_MOUSE","Lrrfip1"
"LYZ1_MOUSE",0,0,0,0,1,1,"P17897","LYZ1_MOUSE","Lyz1"
"LYZ2_MOUSE",0,0,0,0,1,1,"P08905","LYZ2_MOUSE","Lyz2"
"MAGD1_MOUSE",0,0,0,1,2,1,"Q9QYH6","MAGD1_MOUSE","Maged1"
"MAGI1_MOUSE",1,0,0,0,1,0,"Q6RHR9","MAGI1_MOUSE","Magi1"
"MANF_MOUSE",0,3,0,9,1,10,"Q9CXI5","MANF_MOUSE","Manf"
"MAOX_MOUSE",0,0,0,3,0,14,"P06801","MAOX_MOUSE","Me1"
"MAP4_MOUSE",0,0,0,1,0,1,"P27546","MAP4_MOUSE","Map4"
"MARE1_MOUSE",0,0,0,1,0,2,"Q61166","MARE1_MOUSE","Mapre1"
"MCFD2_MOUSE",0,0,0,1,0,1,"Q8K5B2","MCFD2_MOUSE","Mcfd2"
"MDHC_MOUSE",0,0,0,8,1,8,"P14152","MDHC_MOUSE","Mdh1"
"MDHM_MOUSE",0,0,0,4,0,8,"P08249","MDHM_MOUSE","Mdh2"
"MESD_MOUSE",0,0,0,2,0,2,"Q9ERE7","MESD_MOUSE","Mesd"
"MIF_MOUSE",0,2,0,4,0,2,"P34884","MIF_MOUSE","Mif"
"MK01_MOUSE",0,0,0,9,3,13,"P63085","MK01_MOUSE","Mapk1"
"ML12B_MOUSE",0,0,0,2,0,5,"Q3THE2","ML12B_MOUSE","Myl12b"
"MLEC_MOUSE",0,0,0,3,1,4,"Q6ZQI3","MLEC_MOUSE","Mlec"
"MORC3_MOUSE",0,0,0,1,1,1,"F7BJB9","MORC3_MOUSE","Morc3"
"MP2K1_MOUSE",0,0,0,1,0,3,"P31938","MP2K1_MOUSE","Map2k1"
"MPCP_MOUSE",0,0,0,2,1,4,"Q8VEM8","MPCP_MOUSE","Slc25a3"
"MTAP_MOUSE",0,0,0,2,0,1,"Q9CQ65","MTAP_MOUSE","Mtap"
"MTPN_MOUSE",0,1,1,1,0,2,"P62774","MTPN_MOUSE","Mtpn"
"MVP_MOUSE",0,0,0,5,6,20,"Q9EQK5","MVP_MOUSE","Mvp"
"MYH9_MOUSE",0,0,0,22,20,43,"Q8VDD5","MYH9_MOUSE","Myh9"
"MYL6_MOUSE",0,0,0,5,1,8,"Q60605","MYL6_MOUSE","Myl6"
"NACA_MOUSE",0,0,0,2,1,0,"Q60817","NACA_MOUSE","Naca"
"NACAM_MOUSE",0,0,0,2,1,4,"P70670","NACAM_MOUSE","Naca"
"NB5R3_MOUSE",0,0,0,8,4,6,"Q9DCN2","NB5R3_MOUSE","Cyb5r3"
"NCEH1_MOUSE",0,0,0,2,1,0,"Q8BLF1","NCEH1_MOUSE","Nceh1"
"NCPR_MOUSE",0,0,0,13,12,17,"P37040","NCPR_MOUSE","Por"
"NDKA_MOUSE",0,0,0,8,1,11,"P15532","NDKA_MOUSE","Nme1"
"NDKB_MOUSE",0,0,0,9,1,10,"Q01768","NDKB_MOUSE","Nme2"
"NDRG1_MOUSE",0,0,0,3,0,2,"Q62433","NDRG1_MOUSE","Ndrg1"
"NEDD4_MOUSE",0,0,0,2,0,3,"P46935","NEDD4_MOUSE","Nedd4"
"NP1L1_MOUSE",0,0,0,4,0,6,"P28656","NP1L1_MOUSE","Nap1l1"
"NP1L4_MOUSE",0,0,0,6,0,8,"Q78ZA7","NP1L4_MOUSE","Nap1l4"
"NPC2_MOUSE",0,1,0,1,0,2,"Q9Z0J0","NPC2_MOUSE","Npc2"
"NSF1C_MOUSE",0,0,0,3,0,6,"Q9CZ44","NSF1C_MOUSE","Nsfl1c"
"NUB1_MOUSE",0,0,0,6,5,4,"P54729","NUB1_MOUSE","Nub1"
"NUCB2_MOUSE",0,0,0,5,0,1,"P81117","NUCB2_MOUSE","Nucb2"
"NUDC_MOUSE",0,0,0,2,0,3,"O35685","NUDC_MOUSE","Nudc"
"OBSL1_MOUSE",0,0,0,1,1,3,"D3YYU8","OBSL1_MOUSE","Obsl1"
"ODPAT_MOUSE",1,1,0,1,1,1,"P35487","ODPAT_MOUSE","Pdha2"
"OLA1_MOUSE",0,0,0,2,0,5,"Q9CZ30","OLA1_MOUSE","Ola1"
"OSBP1_MOUSE",0,0,0,3,0,3,"Q3B7Z2","OSBP1_MOUSE","Osbp"
"OST48_MOUSE",0,0,0,10,6,11,"O54734","OST48_MOUSE","Ddost"
"OSTC_MOUSE",0,0,0,0,1,1,"Q78XF5","OSTC_MOUSE","Ostc"
"OSTF1_MOUSE",0,0,0,3,0,4,"Q62422","OSTF1_MOUSE","Ostf1"
"OTUB1_MOUSE",0,0,0,3,0,3,"Q7TQI3","OTUB1_MOUSE","Otub1"
"P4HA1_MOUSE",0,0,0,12,6,13,"Q60715","P4HA1_MOUSE","P4ha1"
"P4HA2_MOUSE",0,0,0,8,7,11,"Q60716","P4HA2_MOUSE","P4ha2"
"PA1B2_MOUSE",0,0,0,1,0,4,"Q61206","PA1B2_MOUSE","Pafah1b2"
"PA1B3_MOUSE",0,0,0,1,0,1,"Q61205","PA1B3_MOUSE","Pafah1b3"
"PA2G4_MOUSE",0,0,0,1,1,5,"P50580","PA2G4_MOUSE","Pa2g4"
"PABP1_MOUSE",0,0,0,3,0,6,"P29341","PABP1_MOUSE","Pabpc1"
"PAIRB_MOUSE",0,0,0,1,0,2,"Q9CY58","PAIRB_MOUSE","Serbp1"
"PAK2_MOUSE",0,0,0,5,0,9,"Q8CIN4","PAK2_MOUSE","Pak2"
"PCBP1_MOUSE",0,0,0,5,4,10,"P60335","PCBP1_MOUSE","Pcbp1"
"PCBP2_MOUSE",1,0,0,2,0,2,"Q61990","PCBP2_MOUSE","Pcbp2"
"PCBP3_MOUSE",0,0,0,2,0,2,"P57722","PCBP3_MOUSE","Pcbp3"
"PDC6I_MOUSE",0,0,0,8,7,15,"Q9WU78","PDC6I_MOUSE","Pdcd6ip"
"PDIA1_MOUSE",0,1,0,36,30,29,"P09103","PDIA1_MOUSE","P4hb"
"PDIA3_MOUSE",0,0,0,37,26,34,"P27773","PDIA3_MOUSE","Pdia3"
"PDIA4_MOUSE",0,0,0,24,26,18,"P08003","PDIA4_MOUSE","Pdia4"
"PDIA5_MOUSE",0,0,0,9,3,10,"Q921X9","PDIA5_MOUSE","Pdia5"
"PDIA6_MOUSE",1,0,0,23,12,21,"Q922R8","PDIA6_MOUSE","Pdia6"
"PDLI1_MOUSE",0,9,0,12,1,13,"O70400","PDLI1_MOUSE","Pdlim1"
"PDXD1_MOUSE",0,0,0,1,2,0,"Q99K01","PDXD1_MOUSE","Pdxdc1"
"PEA15_MOUSE",0,0,0,1,0,3,"Q62048","PEA15_MOUSE","Pea15"
"PEBP1_MOUSE",0,1,0,5,0,0,"P70296","PEBP1_MOUSE","Pebp1"
"PEG10_MOUSE",0,0,0,12,10,14,"Q7TN75","PEG10_MOUSE","Peg10"
"PEPD_MOUSE",0,0,0,3,2,7,"Q11136","PEPD_MOUSE","Pepd"
"PFKAP_MOUSE",0,0,0,15,10,20,"Q9WUA3","PFKAP_MOUSE","Pfkp"
"PGAM1_MOUSE",0,0,0,8,2,10,"Q9DBJ1","PGAM1_MOUSE","Pgam1"
"PGK1_MOUSE",0,0,1,13,2,18,"P09411","PGK1_MOUSE","Pgk1"
"PGM1_MOUSE",0,0,0,7,4,11,"Q9D0F9","PGM1_MOUSE","Pgm1"
"PGM2_MOUSE",0,0,0,1,3,7,"Q7TSV4","PGM2_MOUSE","Pgm2"
"PLAC8_MOUSE",0,0,0,1,1,2,"Q9JI48","PLAC8_MOUSE","Plac8"
"PLAK_MOUSE",0,0,0,1,7,3,"Q02257","PLAK_MOUSE","Jup"
"PLCH1_MOUSE",0,0,0,1,0,1,"Q4KWH5","PLCH1_MOUSE","Plch1"
"PLIN3_MOUSE",0,0,0,9,5,10,"Q9DBG5","PLIN3_MOUSE","Plin3"
"PLSL_MOUSE",0,0,0,14,2,26,"Q61233","PLSL_MOUSE","Lcp1"
"PNPH_MOUSE",0,0,0,4,0,7,"P23492","PNPH_MOUSE","Pnp"
"PP1A_MOUSE",0,0,0,1,0,4,"P62137","PP1A_MOUSE","Ppp1ca"
"PP2AA_MOUSE",0,0,0,1,0,4,"P63330","PP2AA_MOUSE","Ppp2ca"
"PPCE_MOUSE",0,0,0,7,3,20,"Q9QUR6","PPCE_MOUSE","Prep"
"PPIA_MOUSE",1,5,0,8,3,8,"P17742","PPIA_MOUSE","Ppia"
"PPIB_MOUSE",0,0,0,11,6,12,"P24369","PPIB_MOUSE","Ppib"
"PPIC_MOUSE",0,0,0,1,0,1,"P30412","PPIC_MOUSE","Ppic"
"PR2B1_MOUSE",0,0,0,1,0,1,"Q9DAZ2","PR2B1_MOUSE","Prl2b1"
"PR2C5_MOUSE",0,0,0,1,1,1,"Q9JLV9","PR2C5_MOUSE","Prl2c5"
"PR3B1_MOUSE",0,0,0,3,0,5,"P09586","PR3B1_MOUSE","Prl3b1"
"PR7A2_MOUSE",0,0,0,6,3,5,"O54831","PR7A2_MOUSE","Prl7a2"
"PRDX1_MOUSE",0,0,0,7,6,12,"P35700","PRDX1_MOUSE","Prdx1"
"PRDX2_MOUSE",0,0,1,4,0,10,"Q61171","PRDX2_MOUSE","Prdx2"
"PRDX4_MOUSE",0,0,0,2,3,6,"O08807","PRDX4_MOUSE","Prdx4"
"PRDX5_MOUSE",1,1,0,1,0,1,"P99029","PRDX5_MOUSE","Prdx5"
"PRDX6_MOUSE",0,0,0,2,0,8,"O08709","PRDX6_MOUSE","Prdx6"
"PROF1_MOUSE",0,2,0,5,4,8,"P62962","PROF1_MOUSE","Pfn1"
"PRS10_MOUSE",0,0,0,2,0,7,"P62334","PRS10_MOUSE","Psmc6"
"PRS4_MOUSE",0,0,0,3,0,5,"P62192","PRS4_MOUSE","Psmc1"
"PRS6A_MOUSE",0,0,0,6,1,9,"O88685","PRS6A_MOUSE","Psmc3"
"PRS6B_MOUSE",0,0,0,7,0,9,"P54775","PRS6B_MOUSE","Psmc4"
"PRS7_MOUSE",0,0,0,5,0,9,"P46471","PRS7_MOUSE","Psmc2"
"PRS8_MOUSE",0,0,0,4,0,8,"P62196","PRS8_MOUSE","Psmc5"
"PSA1_MOUSE",0,0,0,3,0,6,"Q9R1P4","PSA1_MOUSE","Psma1"
"PSA2_MOUSE",0,0,0,2,0,4,"P49722","PSA2_MOUSE","Psma2"
"PSA3_MOUSE",0,0,0,2,1,2,"O70435","PSA3_MOUSE","Psma3"
"PSA4_MOUSE",0,0,0,3,0,5,"Q9R1P0","PSA4_MOUSE","Psma4"
"PSA5_MOUSE",0,0,0,3,0,8,"Q9Z2U1","PSA5_MOUSE","Psma5"
"PSA6_MOUSE",0,0,0,4,1,6,"Q9QUM9","PSA6_MOUSE","Psma6"
"PSA7_MOUSE",0,0,0,3,0,8,"Q9Z2U0","PSA7_MOUSE","Psma7"
"PSB1_MOUSE",0,0,0,4,0,5,"O09061","PSB1_MOUSE","Psmb1"
"PSB2_MOUSE",0,0,0,3,0,3,"Q9R1P3","PSB2_MOUSE","Psmb2"
"PSB3_MOUSE",0,0,0,2,0,3,"Q9R1P1","PSB3_MOUSE","Psmb3"
"PSB4_MOUSE",0,0,0,4,0,4,"P99026","PSB4_MOUSE","Psmb4"
"PSB5_MOUSE",0,0,0,1,0,6,"O55234","PSB5_MOUSE","Psmb5"
"PSB6_MOUSE",0,0,0,2,0,3,"Q60692","PSB6_MOUSE","Psmb6"
"PSD11_MOUSE",0,0,0,5,0,8,"Q8BG32","PSD11_MOUSE","Psmd11"
"PSD12_MOUSE",0,0,0,8,1,11,"Q9D8W5","PSD12_MOUSE","Psmd12"
"PSD13_MOUSE",0,0,0,5,2,8,"Q9WVJ2","PSD13_MOUSE","Psmd13"
"PSDE_MOUSE",0,0,0,5,0,5,"O35593","PSDE_MOUSE","Psmd14"
"PSG22_MOUSE",0,0,0,3,2,3,"Q810J1","PSG22_MOUSE","Psg22"
"PSMD1_MOUSE",0,0,0,8,2,14,"Q3TXS7","PSMD1_MOUSE","Psmd1"
"PSMD2_MOUSE",0,0,0,10,7,12,"Q8VDM4","PSMD2_MOUSE","Psmd2"
"PSMD3_MOUSE",0,0,0,5,3,9,"P14685","PSMD3_MOUSE","Psmd3"
"PSMD4_MOUSE",0,0,0,4,0,3,"O35226","PSMD4_MOUSE","Psmd4"
"PSMD6_MOUSE",0,0,0,6,2,6,"Q99JI4","PSMD6_MOUSE","Psmd6"
"PSMD7_MOUSE",0,0,0,5,0,4,"P26516","PSMD7_MOUSE","Psmd7"
"PSMD8_MOUSE",0,0,0,2,0,3,"Q9CX56","PSMD8_MOUSE","Psmd8"
"PSME1_MOUSE",0,0,0,1,0,3,"P97371","PSME1_MOUSE","Psme1"
"PSME2_MOUSE",0,0,0,1,1,5,"P97372","PSME2_MOUSE","Psme2"
"PTMA_MOUSE",1,1,0,1,0,1,"P26350","PTMA_MOUSE","Ptma"
"PUR9_MOUSE",0,0,0,5,3,13,"Q9CWJ9","PUR9_MOUSE","Atic"
"PYR1_MOUSE",0,0,0,2,4,1,"B2RQC6","PYR1_MOUSE","Cad"
"QCR9_MOUSE",1,1,0,0,0,0,"Q8R1I1","QCR9_MOUSE","Uqcr10"
"RAB18_MOUSE",0,0,0,1,1,0,"P35293","RAB18_MOUSE","Rab18"
"RAB1A_MOUSE",0,0,0,6,4,8,"P62821","RAB1A_MOUSE","Rab1A"
"RAB1B_MOUSE",0,0,0,4,0,5,"Q9D1G1","RAB1B_MOUSE","Rab1b"
"RAB2A_MOUSE",0,0,0,1,2,3,"P53994","RAB2A_MOUSE","Rab2a"
"RAB7A_MOUSE",0,0,0,1,0,2,"P51150","RAB7A_MOUSE","Rab7a"
"RAC1_MOUSE",0,0,0,2,1,5,"P63001","RAC1_MOUSE","Rac1"
"RAC3_MOUSE",0,0,0,2,1,0,"P60764","RAC3_MOUSE","Rac3"
"RACK1_MOUSE",0,0,0,5,0,14,"P68040","RACK1_MOUSE","Rack1"
"RADI_MOUSE",0,0,0,7,6,5,"P26043","RADI_MOUSE","Rdx"
"RALB_MOUSE",0,0,0,3,0,3,"Q9JIW9","RALB_MOUSE","Ralb"
"RAN_MOUSE",1,0,0,6,0,6,"P62827","RAN_MOUSE","Ran"
"RANG_MOUSE",0,0,0,3,0,5,"P34022","RANG_MOUSE","Ranbp1"
"RAP1B_MOUSE",0,0,0,3,0,4,"Q99JI6","RAP1B_MOUSE","Rap1b"
"RBX1_MOUSE",1,0,0,1,0,1,"P62878","RBX1_MOUSE","Rbx1"
"RCN2_MOUSE",0,0,0,1,0,3,"Q8BP92","RCN2_MOUSE","Rcn2"
"RD23B_MOUSE",0,0,0,3,0,4,"P54728","RD23B_MOUSE","Rad23b"
"RER1_MOUSE",0,0,0,1,0,1,"Q9CQU3","RER1_MOUSE","Rer1"
"RHG01_MOUSE",0,0,0,5,0,2,"Q5FWK3","RHG01_MOUSE","Arhgap1"
"RHOA_MOUSE",0,0,0,6,5,8,"Q9QUI0","RHOA_MOUSE","Rhoa"
"RHOC_MOUSE",0,0,0,6,0,8,"Q62159","RHOC_MOUSE","Rhoc"
"RINI_MOUSE",0,0,0,13,6,18,"Q91VI7","RINI_MOUSE","Rnh1"
"RL10_MOUSE",0,0,0,1,0,4,"Q6ZWV3","RL10_MOUSE","Rpl10"
"RL10A_MOUSE",0,0,0,1,0,5,"P53026","RL10A_MOUSE","Rpl10a"
"RL11_MOUSE",2,0,0,2,1,3,"Q9CXW4","RL11_MOUSE","Rpl11"
"RL12_MOUSE",0,0,0,2,0,5,"P35979","RL12_MOUSE","Rpl12"
"RL13_MOUSE",0,4,0,2,0,3,"P47963","RL13_MOUSE","Rpl13"
"RL13A_MOUSE",0,0,0,2,0,4,"P19253","RL13A_MOUSE","Rpl13a"
"RL14_MOUSE",0,2,0,2,0,3,"Q9CR57","RL14_MOUSE","Rpl14"
"RL15_MOUSE",0,0,0,2,1,4,"Q9CZM2","RL15_MOUSE","Rpl15"
"RL17_MOUSE",0,1,0,1,0,4,"Q9CPR4","RL17_MOUSE","Rpl17"
"RL18_MOUSE",0,0,0,2,0,2,"P35980","RL18_MOUSE","Rpl18"
"RL18A_MOUSE",0,2,0,4,0,4,"P62717","RL18A_MOUSE","Rpl18a"
"RL19_MOUSE",0,0,0,1,1,1,"P84099","RL19_MOUSE","Rpl19"
"RL22L_MOUSE",0,0,0,1,0,2,"Q9D7S7","RL22L_MOUSE","Rpl22l1"
"RL23_MOUSE",1,3,0,2,0,3,"P62830","RL23_MOUSE","Rpl23"
"RL23A_MOUSE",0,2,0,1,0,3,"P62751","RL23A_MOUSE","Rpl23a"
"RL24_MOUSE",0,2,0,2,0,3,"Q8BP67","RL24_MOUSE","Rpl24"
"RL26_MOUSE",0,1,0,1,0,1,"P61255","RL26_MOUSE","Rpl26"
"RL27_MOUSE",0,3,0,3,0,3,"P61358","RL27_MOUSE","Rpl27"
"RL27A_MOUSE",0,3,0,1,0,3,"P14115","RL27A_MOUSE","Rpl27a"
"RL28_MOUSE",0,0,0,1,0,1,"P41105","RL28_MOUSE","Rpl28"
"RL3_MOUSE",0,0,0,1,1,5,"P27659","RL3_MOUSE","Rpl3"
"RL30_MOUSE",0,2,0,3,0,2,"P62889","RL30_MOUSE","Rpl30"
"RL31_MOUSE",0,1,0,1,0,1,"P62900","RL31_MOUSE","Rpl31"
"RL35A_MOUSE",0,1,0,0,0,1,"O55142","RL35A_MOUSE","Rpl35a"
"RL36_MOUSE",0,1,0,0,0,2,"P47964","RL36_MOUSE","Rpl36"
"RL37A_MOUSE",0,1,0,1,0,1,"P61514","RL37A_MOUSE","Rpl37a"
"RL38_MOUSE",0,2,0,1,0,3,"Q9JJI8","RL38_MOUSE","Rpl38"
"RL4_MOUSE",0,0,0,5,4,11,"Q9D8E6","RL4_MOUSE","Rpl4"
"RL5_MOUSE",0,0,0,3,2,5,"P47962","RL5_MOUSE","Rpl5"
"RL6_MOUSE",0,0,0,4,3,5,"P47911","RL6_MOUSE","Rpl6"
"RL7_MOUSE",0,0,0,2,0,6,"P14148","RL7_MOUSE","Rpl7"
"RL7A_MOUSE",0,1,0,4,1,7,"P12970","RL7A_MOUSE","Rpl7a"
"RL8_MOUSE",0,0,0,1,0,4,"P62918","RL8_MOUSE","Rpl8"
"RL9_MOUSE",0,0,0,4,1,4,"P51410","RL9_MOUSE","Rpl9"
"RLA0_MOUSE",0,0,0,4,2,5,"P14869","RLA0_MOUSE","Rplp0"
"RLA1_MOUSE",0,0,2,5,0,4,"P47955","RLA1_MOUSE","Rplp1"
"RLA2_MOUSE",0,1,0,3,0,4,"P99027","RLA2_MOUSE","Rplp2"
"ROA3_MOUSE",0,0,0,1,0,1,"Q8BG05","ROA3_MOUSE","Hnrnpa3"
"RPN1_MOUSE",0,0,0,12,7,18,"Q91YQ5","RPN1_MOUSE","Rpn1"
"RPN2_MOUSE",0,0,0,8,5,13,"Q9DBG6","RPN2_MOUSE","Rpn2"
"RRBP1_MOUSE",1,0,0,6,4,7,"Q99PL5","RRBP1_MOUSE","Rrbp1"
"RS10_MOUSE",0,3,0,3,0,5,"P63325","RS10_MOUSE","Rps10"
"RS11_MOUSE",0,1,0,2,0,2,"P62281","RS11_MOUSE","Rps11"
"RS12_MOUSE",0,0,0,2,1,4,"P63323","RS12_MOUSE","Rps12"
"RS13_MOUSE",0,0,0,4,0,4,"P62301","RS13_MOUSE","Rps13"
"RS14_MOUSE",0,2,0,3,0,3,"P62264","RS14_MOUSE","Rps14"
"RS15A_MOUSE",0,0,0,3,1,6,"P62245","RS15A_MOUSE","Rps15a"
"RS16_MOUSE",0,2,0,3,0,3,"P14131","RS16_MOUSE","Rps16"
"RS17_MOUSE",0,0,0,3,0,4,"P63276","RS17_MOUSE","Rps17"
"RS18_MOUSE",0,0,0,1,0,3,"P62270","RS18_MOUSE","Rps18"
"RS19_MOUSE",0,2,0,1,0,2,"Q9CZX8","RS19_MOUSE","Rps19"
"RS2_MOUSE",0,0,0,4,0,8,"P25444","RS2_MOUSE","Rps2"
"RS20_MOUSE",0,2,0,3,0,3,"P60867","RS20_MOUSE","Rps20"
"RS23_MOUSE",0,1,0,2,0,3,"P62267","RS23_MOUSE","Rps23"
"RS24_MOUSE",0,2,0,1,0,4,"P62849","RS24_MOUSE","Rps24"
"RS25_MOUSE",0,2,0,1,0,3,"P62852","RS25_MOUSE","Rps25"
"RS26_MOUSE",0,0,0,1,0,1,"P62855","RS26_MOUSE","Rps26"
"RS27A_MOUSE",1,2,0,0,0,3,"P62983","RS27A_MOUSE","Rps27a"
"RS27L_MOUSE",0,2,0,2,1,2,"Q6ZWY3","RS27L_MOUSE","Rps27l"
"RS28_MOUSE",0,1,0,0,0,1,"P62858","RS28_MOUSE","Rps28"
"RS3_MOUSE",0,0,0,7,4,10,"P62908","RS3_MOUSE","Rps3"
"RS30_MOUSE",0,1,0,1,0,1,"P62862","RS30_MOUSE","Fau"
"RS3A_MOUSE",0,0,0,3,0,8,"P97351","RS3A_MOUSE","Rps3a"
"RS4X_MOUSE",0,0,0,7,0,7,"P62702","RS4X_MOUSE","Rps4x"
"RS5_MOUSE",0,0,0,2,2,4,"P97461","RS5_MOUSE","Rps5"
"RS6_MOUSE",0,0,0,3,1,3,"P62754","RS6_MOUSE","Rps6"
"RS7_MOUSE",0,0,0,3,0,5,"P62082","RS7_MOUSE","Rps7"
"RS8_MOUSE",0,0,0,6,4,5,"P62242","RS8_MOUSE","Rps8"
"RS9_MOUSE",0,0,0,2,0,4,"Q6ZWN5","RS9_MOUSE","Rps9"
"RSSA_MOUSE",0,0,0,8,1,13,"P14206","RSSA_MOUSE","Rpsa"
"S10A6_MOUSE",4,1,0,6,4,3,"P14069","S10A6_MOUSE","S100a6"
"S10AA_MOUSE",2,1,0,0,0,0,"P08207","S10AA_MOUSE","S100a10"
"S10AB_MOUSE",2,0,0,4,0,3,"P50543","S10AB_MOUSE","S100a11"
"S61A1_MOUSE",0,0,0,2,0,2,"P61620","S61A1_MOUSE","Sec61a1"
"SC11A_MOUSE",0,0,0,1,0,1,"Q9R0P6","SC11A_MOUSE","Sec11a"
"SC22B_MOUSE",0,0,0,2,0,6,"O08547","SC22B_MOUSE","Sec22b"
"SC23B_MOUSE",0,0,0,3,0,3,"Q9D662","SC23B_MOUSE","Sec23b"
"SC31A_MOUSE",0,0,0,8,3,5,"Q3UPL0","SC31A_MOUSE","Sec31a"
"SC61G_MOUSE",0,0,0,1,0,1,"P60060","SC61G_MOUSE","Sec61g"
"SDF2L_MOUSE",0,1,0,5,0,6,"Q9ESP1","SDF2L_MOUSE","Sdf2l1"
"SEC13_MOUSE",0,0,0,2,0,2,"Q9D1M0","SEC13_MOUSE","Sec13"
"SEP11_MOUSE",0,0,0,3,0,3,"Q8C1B7","SEP11_MOUSE","Septin11"
"SEPT2_MOUSE",0,0,0,5,2,6,"P42208","SEPT2_MOUSE","Septin2"
"SEPT6_MOUSE",0,0,0,0,2,1,"Q9R1T4","SEPT6_MOUSE","Septin6"
"SEPT7_MOUSE",0,0,0,4,0,2,"O55131","SEPT7_MOUSE","Septin7"
"SEPT9_MOUSE",0,0,0,2,1,5,"Q80UG5","SEPT9_MOUSE","Septin9"
"SERPH_MOUSE",0,1,0,23,14,22,"P19324","SERPH_MOUSE","Serpinh1"
"SGT1_MOUSE",0,0,0,1,0,1,"Q9CX34","SGT1_MOUSE","Sugt1"
"SGTA_MOUSE",0,0,0,1,0,2,"Q8BJU0","SGTA_MOUSE","Sgta"
"SIAS_MOUSE",0,0,0,3,0,6,"Q99J77","SIAS_MOUSE","Nans"
"SNAA_MOUSE",0,0,0,1,0,10,"Q9DB05","SNAA_MOUSE","Napa"
"SND1_MOUSE",0,0,0,6,4,17,"Q78PY7","SND1_MOUSE","Snd1"
"SODC_MOUSE",0,4,0,1,0,4,"P08228","SODC_MOUSE","Sod1"
"SORCN_MOUSE",0,0,0,5,3,5,"Q6P069","SORCN_MOUSE","Sri"
"SPB6_MOUSE",0,0,0,2,0,2,"Q60854","SPB6_MOUSE","Serpinb6"
"SPCS1_MOUSE",0,0,0,1,0,2,"Q9D958","SPCS1_MOUSE","Spcs1"
"SPEE_MOUSE",0,0,0,1,0,4,"Q64674","SPEE_MOUSE","Srm"
"SRC8_MOUSE",0,0,0,0,2,2,"Q60598","SRC8_MOUSE","Cttn"
"SRP68_MOUSE",0,0,0,2,1,0,"Q8BMA6","SRP68_MOUSE","Srp68"
"SRPRB_MOUSE",0,0,0,2,2,4,"P47758","SRPRB_MOUSE","Srprb"
"SSRA_MOUSE",0,0,0,2,0,3,"Q9CY50","SSRA_MOUSE","Ssr1"
"SSRD_MOUSE",0,0,0,2,1,3,"Q62186","SSRD_MOUSE","Ssr4"
"SSRG_MOUSE",0,0,0,1,0,1,"Q9DCF9","SSRG_MOUSE","Ssr3"
"STIP1_MOUSE",0,0,0,9,2,13,"Q60864","STIP1_MOUSE","Stip1"
"STK24_MOUSE",0,0,0,1,0,1,"Q99KH8","STK24_MOUSE","Stk24"
"STT3A_MOUSE",0,0,0,2,0,4,"P46978","STT3A_MOUSE","Stt3a"
"SURF4_MOUSE",0,0,0,3,1,3,"Q64310","SURF4_MOUSE","Surf4"
"SYAC_MOUSE",0,0,0,10,10,12,"Q8BGQ7","SYAC_MOUSE","Aars1"
"SYCC_MOUSE",0,0,0,5,4,4,"Q9ER72","SYCC_MOUSE","Cars1"
"SYDC_MOUSE",0,0,0,4,4,9,"Q922B2","SYDC_MOUSE","Dars1"
"SYEP_MOUSE",0,0,0,16,11,18,"Q8CGC7","SYEP_MOUSE","Eprs1"
"SYHC_MOUSE",0,0,0,3,0,1,"Q61035","HARS1_MOUSE","Hars1"
"SYIC_MOUSE",0,0,0,5,2,3,"Q8BU30","SYIC_MOUSE","Iars1"
"SYK_MOUSE",0,0,0,5,4,7,"Q99MN1","SYK_MOUSE","Kars1"
"SYLC_MOUSE",0,0,0,6,10,12,"Q8BMJ2","SYLC_MOUSE","Lars1"
"SYMC_MOUSE",0,0,0,1,2,3,"Q68FL6","SYMC_MOUSE","Mars1"
"SYNC_MOUSE",0,0,0,5,4,13,"Q8BP47","SYNC_MOUSE","NARS1"
"SYNE2_MOUSE",1,0,0,0,0,2,"Q6ZWQ0","SYNE2_MOUSE","Syne2"
"SYQ_MOUSE",0,0,0,5,2,8,"Q8BML9","SYQ_MOUSE","Qars1"
"SYRC_MOUSE",0,0,0,5,7,7,"Q9D0I9","SYRC_MOUSE","Rars1"
"SYSC_MOUSE",0,0,0,6,4,14,"P26638","SYSC_MOUSE","Sars1"
"SYWC_MOUSE",0,0,0,3,0,7,"P32921","SYWC_MOUSE","Wars1"
"T22D1_MOUSE",0,1,0,1,0,0,"P62500","T22D1_MOUSE","Tsc22d1"
"TAGL2_MOUSE",0,0,0,9,3,10,"Q9WVA4","TAGL2_MOUSE","Tagln2"
"TBA1A_MOUSE",1,0,1,16,16,19,"P68369","TBA1A_MOUSE","Tuba1a"
"TBA1B_MOUSE",1,0,1,16,17,19,"P05213","TBA1B_MOUSE","Tuba1b"
"TBA1C_MOUSE",1,0,1,15,15,19,"P68373","TBA1C_MOUSE","Tuba1c"
"TBB4B_MOUSE",0,0,2,21,0,25,"P68372","TBB4B_MOUSE","Tubb4b"
"TBB5_MOUSE",0,0,2,23,20,25,"P99024","TBB5_MOUSE","Tubb5"
"TBC15_MOUSE",0,0,0,2,2,1,"Q9CXF4","TBC15_MOUSE","Tbc1d15"
"TCPA_MOUSE",0,0,0,15,15,18,"P11983","TCPA_MOUSE","Tcp1"
"TCPB_MOUSE",0,0,0,18,10,25,"P80314","TCPB_MOUSE","Cct2"
"TCPD_MOUSE",0,0,0,13,10,19,"P80315","TCPD_MOUSE","Cct4"
"TCPE_MOUSE",0,0,0,11,12,18,"P80316","TCPE_MOUSE","Cct5"
"TCPG_MOUSE",0,0,0,17,12,21,"P80318","TCPG_MOUSE","Cct3"
"TCPH_MOUSE",0,0,0,12,9,18,"P80313","TCPH_MOUSE","Cct7"
"TCPQ_MOUSE",0,0,0,15,13,26,"P42932","TCPQ_MOUSE","Cct8"
"TCPZ_MOUSE",0,0,0,11,8,16,"P80317","TCPZ_MOUSE","Cct6a"
"TCTP_MOUSE",0,0,0,4,0,4,"P63028","TCTP_MOUSE","Tpt1"
"TEBP_MOUSE",1,1,0,4,0,4,"Q9R0Q7","TEBP_MOUSE","Ptges3"
"TERA_MOUSE",0,0,0,32,40,42,"Q01853","TERA_MOUSE","Vcp"
"TGM2_MOUSE",0,0,0,18,14,20,"P21981","TGM2_MOUSE","Tgm2"
"THIKA_MOUSE",1,0,0,1,0,1,"Q921H8","THIKA_MOUSE","Acaa1a"
"THIKB_MOUSE",1,0,0,0,0,1,"Q8VCH0","THIKB_MOUSE","Acaa1b"
"THIO_MOUSE",3,5,0,5,4,4,"P10639","THIO_MOUSE","Txn"
"TKFC_MOUSE",0,0,0,2,0,1,"Q8VC30","TKFC_MOUSE","Tkfc"
"TKT_MOUSE",0,0,0,4,3,6,"P40142","TKT_MOUSE","Tkt"
"TLN1_MOUSE",0,0,0,48,59,68,"P26039","TLN1_MOUSE","Tln1"
"TMED2_MOUSE",0,0,0,3,0,4,"Q9R0Q3","TMED2_MOUSE","Tmed2"
"TMED9_MOUSE",1,0,0,4,0,6,"Q99KF1","TMED9_MOUSE","Tmed9"
"TMEDA_MOUSE",0,0,0,4,0,4,"Q9D1D4","TMEDA_MOUSE","Tmed10"
"TNPO1_MOUSE",0,0,0,0,1,3,"Q8BFY9","TNPO1_MOUSE","Tnpo1"
"TNR9_MOUSE",0,2,0,2,0,2,"P20334","TNR9_MOUSE","Tnfrsf9"
"TOM20_MOUSE",1,1,0,0,0,0,"Q9DCC8","TOM20_MOUSE","Tomm20"
"TPIS_MOUSE",0,0,0,6,2,12,"P17751","TPIS_MOUSE","Tpi1"
"TPM4_MOUSE",0,0,0,2,1,5,"Q6IRU2","TPM4_MOUSE","Tpm4"
"TPP2_MOUSE",0,0,0,5,3,17,"Q64514","TPP2_MOUSE","Tpp2"
"TRY2_MOUSE",2,3,0,0,0,0,"P07146","TRY2_MOUSE","Prss2"
"TSP_MOUSE",0,2,0,1,0,2,"P13438","TSP_MOUSE","Tpbpa"
"TXND5_MOUSE",0,0,0,9,0,12,"Q91W90","TXND5_MOUSE","Txndc5"
"TXNL1_MOUSE",0,0,0,7,0,10,"Q8CDN6","TXNL1_MOUSE","Txnl1"
"TYB10_MOUSE",2,1,0,1,2,1,"Q6ZWY8","TYB10_MOUSE","Tmsb10"
"UB2L3_MOUSE",0,0,0,3,0,3,"P68037","UB2L3_MOUSE","Ube2l3"
"UBA1_MOUSE",0,0,0,13,15,20,"Q02053","UBA1_MOUSE","Uba1"
"UBA5_MOUSE",0,0,0,3,4,4,"Q8VE47","UBA5_MOUSE","Uba5"
"UBA6_MOUSE",0,0,0,4,0,10,"Q8C7R4","UBA6_MOUSE","Uba6"
"UBE2K_MOUSE",0,0,0,3,0,4,"P61087","UBE2K_MOUSE","Ube2k"
"UBE2N_MOUSE",0,0,0,2,0,4,"P61089","UBE2N_MOUSE","Ube2n"
"UBE2O_MOUSE",0,0,0,11,10,23,"Q6ZPJ3","UBE2O_MOUSE","Ube2o"
"UBFD1_MOUSE",0,0,0,2,0,1,"Q78JW9","UBFD1_MOUSE","Ubfd1"
"UBP14_MOUSE",0,0,0,1,0,5,"Q9JMA1","UBP14_MOUSE","Usp14"
"UBP5_MOUSE",0,0,0,2,7,8,"P56399","UBP5_MOUSE","Usp5"
"UBQL1_MOUSE",0,0,0,1,0,1,"Q8R317","UBQL1_MOUSE","Ubqln1"
"UBR4_MOUSE",0,0,0,5,2,5,"A2AN08","UBR4_MOUSE","Ubr4"
"UBXN1_MOUSE",0,0,0,3,1,0,"Q922Y1","UBXN1_MOUSE","Ubxn1"
"UCHL3_MOUSE",0,0,0,1,0,1,"Q9JKB1","UCHL3_MOUSE","Uchl3"
"UCHL4_MOUSE",0,0,0,1,0,1,"P58321","UCHL4_MOUSE","Uchl4"
"UFM1_MOUSE",0,0,0,1,0,3,"P61961","UFM1_MOUSE","Ufm1"
"UGDH_MOUSE",0,0,0,1,0,5,"O70475","UGDH_MOUSE","Ugdh"
"UGGG1_MOUSE",0,0,0,38,27,31,"Q6P5E4","UGGG1_MOUSE","Uggt1"
"UGPA_MOUSE",0,0,0,12,8,10,"Q91ZJ5","UGPA_MOUSE","Ugp2"
"UPP1_MOUSE",0,0,0,3,0,7,"P52624","UPP1_MOUSE","Upp1"
"USO1_MOUSE",0,0,0,16,9,12,"Q9Z1Z0","USO1_MOUSE","Uso1"
"USP9X_MOUSE",0,0,0,10,4,27,"P70398","USP9X_MOUSE","Usp9x"
"VAPA_MOUSE",0,0,0,4,0,6,"Q9WV55","VAPA_MOUSE","Vapa"
"VAT1_MOUSE",0,0,0,2,0,2,"Q62465","VAT1_MOUSE","Vat1"
"VATA_MOUSE",0,0,0,2,0,5,"P50516","VATA_MOUSE","Atp6v1a"
"VATB2_MOUSE",0,0,0,1,0,1,"P62814","VATB2_MOUSE","Atp6v1b2"
"VDAC1_MOUSE",2,0,0,2,0,9,"Q60932","VDAC1_MOUSE","Vdac1"
"VDAC2_MOUSE",0,0,0,2,0,3,"Q60930","VDAC2_MOUSE","Vdac2"
"VGFR1_MOUSE",0,0,0,1,2,2,"P35969","VGFR1_MOUSE","Flt1"
"VIGLN_MOUSE",0,0,0,7,9,8,"Q8VDJ3","VIGLN_MOUSE","Hdlbp"
"VINC_MOUSE",0,0,0,11,8,19,"Q64727","VINC_MOUSE","Vcl"
"VPS35_MOUSE",0,0,0,0,1,2,"Q9EQH3","VPS35_MOUSE","Vps35"
"VTA1_MOUSE",0,0,0,2,0,1,"Q9CR26","VTA1_MOUSE","Vta1"
"WDR1_MOUSE",0,0,0,10,4,19,"O88342","WDR1_MOUSE","Wdr1"
"WNK1_MOUSE",0,0,0,1,1,1,"P83741","WNK1_MOUSE","Wnk1"
"WNK3_MOUSE",0,0,0,0,1,1,"Q80XP9","WNK3_MOUSE","Wnk3"
"XDH_MOUSE",0,0,0,1,1,3,"Q00519","XDH_MOUSE","Xdh"
"XPO1_MOUSE",0,0,0,1,2,11,"Q6P5F9","XPO1_MOUSE","Xpo1"
"XPO2_MOUSE",0,0,0,10,6,14,"Q9ERK4","XPO2_MOUSE","Cse1l"
"XPP1_MOUSE",0,0,0,1,0,5,"Q6P1B1","XPP1_MOUSE","Xpnpep1"
"YB039_MOUSE",1,1,0,0,0,0,"Q8BT35","MTLN_MOUSE","Mtln"
"ZWINT_MOUSE",0,0,0,2,0,2,"Q9CQU5","ZWINT_MOUSE","Zwint"
